id,number
1,7
2,8
3,1
4,5
5,4
6,1
7,5
8,5
9,5
10,9
11,8
12,9
13,5
14,8
15,3
16,5
17,4
18,9
19,5
20,4
21,5
22,5
23,5
24,5
25,9
26,0
27,9
28,4
29,8
30,6
31,3
32,3
33,5
34,8
35,7
36,2
37,5
38,7
39,8
40,3
41,6
42,9
43,5
44,8
45,3
46,3
47,9
48,5
49,5
50,4
51,6
52,3
53,9
54,5
55,5
56,8
57,4
58,1
59,4
60,5
61,9
62,5
63,9
64,5
65,1
66,5
67,9
68,4
69,5
70,6
71,9
72,8
73,6
74,1
75,6
76,9
77,3
78,1
79,1
80,7
81,9
82,5
83,2
84,9
85,5
86,5
87,7
88,5
89,5
90,1
91,3
92,5
93,1
94,3
95,5
96,5
97,9
98,1
99,2
100,4
101,5
102,8
103,5
104,4
105,9
106,9
107,8
108,1
109,5
110,5
111,3
112,5
113,9
114,9
115,9
116,5
117,4
118,4
119,5
120,5
121,5
122,5
123,9
124,5
125,5
126,5
127,8
128,9
129,5
130,9
131,6
132,5
133,5
134,9
135,8
136,3
137,8
138,1
139,5
140,5
141,6
142,2
143,8
144,1
145,9
146,6
147,5
148,5
149,8
150,5
151,9
152,9
153,5
154,5
155,3
156,5
157,4
158,0
159,1
160,5
161,5
162,6
163,5
164,4
165,5
166,8
167,5
168,5
169,6
170,5
171,5
172,1
173,8
174,8
175,8
176,5
177,1
178,5
179,3
180,5
181,3
182,5
183,9
184,8
185,5
186,4
187,3
188,3
189,8
190,3
191,5
192,3
193,0
194,5
195,8
196,4
197,6
198,5
199,4
200,5
201,3
202,9
203,1
204,7
205,1
206,5
207,5
208,5
209,2
210,5
211,4
212,5
213,9
214,9
215,5
216,9
217,3
218,5
219,5
220,9
221,9
222,2
223,9
224,7
225,1
226,2
227,5
228,5
229,1
230,9
231,3
232,3
233,5
234,9
235,5
236,9
237,1
238,5
239,4
240,7
241,8
242,9
243,5
244,5
245,1
246,6
247,8
248,5
249,4
250,3
251,5
252,6
253,5
254,3
255,7
256,5
257,3
258,5
259,2
260,9
261,8
262,1
263,9
264,7
265,9
266,3
267,5
268,3
269,5
270,9
271,1
272,9
273,3
274,9
275,1
276,4
277,1
278,5
279,8
280,3
281,8
282,5
283,5
284,5
285,4
286,1
287,6
288,9
289,1
290,5
291,5
292,3
293,5
294,5
295,8
296,5
297,8
298,0
299,5
300,5
301,1
302,5
303,6
304,1
305,5
306,8
307,5
308,9
309,5
310,1
311,3
312,8
313,0
314,3
315,3
316,9
317,6
318,5
319,3
320,3
321,7
322,1
323,9
324,3
325,8
326,7
327,6
328,5
329,9
330,3
331,3
332,3
333,5
334,5
335,3
336,3
337,9
338,7
339,8
340,2
341,3
342,5
343,5
344,3
345,5
346,3
347,9
348,9
349,1
350,5
351,9
352,5
353,5
354,5
355,1
356,8
357,5
358,3
359,9
360,9
361,1
362,5
363,1
364,6
365,9
366,0
367,5
368,1
369,5
370,3
371,7
372,5
373,1
374,5
375,5
376,9
377,5
378,1
379,3
380,4
381,8
382,2
383,5
384,7
385,6
386,5
387,6
388,5
389,1
390,5
391,9
392,8
393,5
394,1
395,5
396,8
397,1
398,8
399,4
400,2
401,2
402,5
403,3
404,9
405,3
406,1
407,8
408,8
409,3
410,7
411,9
412,9
413,5
414,9
415,9
416,5
417,5
418,5
419,8
420,3
421,7
422,3
423,5
424,1
425,8
426,4
427,5
428,7
429,5
430,5
431,5
432,2
433,5
434,5
435,5
436,5
437,5
438,9
439,9
440,6
441,9
442,0
443,3
444,9
445,8
446,5
447,5
448,5
449,3
450,5
451,5
452,5
453,3
454,3
455,9
456,1
457,3
458,0
459,5
460,8
461,9
462,5
463,5
464,5
465,1
466,5
467,8
468,1
469,2
470,9
471,9
472,5
473,9
474,6
475,5
476,4
477,3
478,8
479,5
480,5
481,5
482,5
483,2
484,5
485,4
486,8
487,5
488,9
489,5
490,1
491,0
492,9
493,3
494,3
495,7
496,5
497,5
498,5
499,2
500,1
501,3
502,4
503,3
504,2
505,7
506,3
507,1
508,5
509,0
510,5
511,1
512,7
513,1
514,5
515,5
516,5
517,2
518,5
519,5
520,5
521,5
522,9
523,9
524,5
525,1
526,8
527,3
528,8
529,9
530,6
531,9
532,6
533,5
534,9
535,6
536,4
537,1
538,1
539,3
540,5
541,5
542,4
543,5
544,5
545,5
546,0
547,8
548,8
549,3
550,8
551,5
552,5
553,5
554,5
555,7
556,5
557,4
558,3
559,5
560,4
561,5
562,0
563,4
564,5
565,8
566,5
567,1
568,8
569,5
570,5
571,9
572,9
573,5
574,3
575,3
576,5
577,3
578,5
579,5
580,7
581,5
582,9
583,3
584,5
585,3
586,9
587,8
588,5
589,8
590,5
591,3
592,9
593,8
594,5
595,5
596,9
597,3
598,9
599,5
600,4
601,5
602,8
603,4
604,5
605,9
606,1
607,3
608,5
609,8
610,8
611,9
612,8
613,5
614,8
615,9
616,5
617,5
618,1
619,3
620,5
621,8
622,5
623,4
624,6
625,3
626,5
627,7
628,5
629,5
630,5
631,4
632,5
633,2
634,5
635,4
636,5
637,5
638,3
639,5
640,5
641,3
642,5
643,5
644,5
645,8
646,5
647,1
648,3
649,9
650,9
651,6
652,9
653,5
654,1
655,9
656,8
657,8
658,3
659,5
660,5
661,4
662,6
663,9
664,3
665,8
666,5
667,9
668,5
669,5
670,5
671,5
672,4
673,5
674,5
675,3
676,5
677,7
678,3
679,9
680,5
681,5
682,9
683,3
684,3
685,5
686,3
687,5
688,9
689,5
690,5
691,8
692,5
693,5
694,5
695,3
696,5
697,3
698,4
699,4
700,5
701,3
702,0
703,7
704,9
705,0
706,9
707,5
708,5
709,5
710,9
711,9
712,5
713,9
714,8
715,8
716,1
717,5
718,5
719,5
720,5
721,8
722,8
723,4
724,9
725,6
726,1
727,5
728,3
729,8
730,6
731,9
732,5
733,2
734,5
735,3
736,6
737,5
738,6
739,8
740,3
741,5
742,1
743,0
744,6
745,0
746,1
747,5
748,5
749,9
750,1
751,8
752,8
753,5
754,5
755,1
756,6
757,5
758,4
759,5
760,5
761,5
762,5
763,4
764,9
765,1
766,4
767,5
768,1
769,3
770,6
771,4
772,9
773,3
774,9
775,9
776,5
777,4
778,5
779,5
780,5
781,3
782,5
783,3
784,7
785,4
786,8
787,5
788,1
789,5
790,5
791,1
792,9
793,3
794,5
795,0
796,6
797,5
798,5
799,6
800,5
801,5
802,5
803,5
804,4
805,5
806,5
807,5
808,3
809,3
810,1
811,2
812,3
813,5
814,5
815,6
816,3
817,3
818,6
819,5
820,3
821,5
822,8
823,9
824,2
825,1
826,9
827,5
828,5
829,8
830,5
831,2
832,7
833,9
834,5
835,6
836,1
837,1
838,3
839,5
840,3
841,1
842,1
843,9
844,4
845,5
846,0
847,9
848,5
849,1
850,3
851,1
852,0
853,9
854,1
855,8
856,5
857,5
858,6
859,2
860,9
861,5
862,4
863,4
864,2
865,9
866,9
867,5
868,1
869,2
870,5
871,0
872,0
873,5
874,2
875,1
876,3
877,5
878,5
879,5
880,9
881,7
882,5
883,5
884,3
885,8
886,6
887,6
888,3
889,2
890,3
891,3
892,8
893,1
894,1
895,3
896,8
897,5
898,8
899,5
900,8
901,3
902,4
903,5
904,5
905,8
906,1
907,4
908,1
909,5
910,1
911,4
912,7
913,3
914,4
915,3
916,5
917,4
918,7
919,7
920,1
921,3
922,2
923,3
924,3
925,1
926,5
927,5
928,3
929,9
930,3
931,5
932,9
933,8
934,3
935,5
936,5
937,5
938,4
939,5
940,8
941,5
942,7
943,5
944,5
945,3
946,3
947,5
948,5
949,3
950,6
951,1
952,5
953,9
954,5
955,5
956,5
957,6
958,9
959,6
960,5
961,9
962,5
963,5
964,3
965,1
966,0
967,5
968,1
969,5
970,5
971,5
972,9
973,8
974,9
975,8
976,1
977,5
978,1
979,3
980,7
981,5
982,8
983,5
984,5
985,7
986,8
987,5
988,9
989,4
990,5
991,9
992,5
993,5
994,9
995,5
996,8
997,5
998,0
999,5
1000,9
1001,7
1002,8
1003,3
1004,3
1005,5
1006,5
1007,9
1008,5
1009,6
1010,8
1011,5
1012,6
1013,9
1014,5
1015,9
1016,5
1017,2
1018,2
1019,5
1020,1
1021,5
1022,7
1023,9
1024,9
1025,5
1026,1
1027,5
1028,1
1029,5
1030,5
1031,1
1032,9
1033,8
1034,9
1035,9
1036,9
1037,3
1038,7
1039,6
1040,5
1041,1
1042,9
1043,5
1044,5
1045,5
1046,9
1047,5
1048,9
1049,9
1050,2
1051,6
1052,4
1053,5
1054,5
1055,1
1056,9
1057,8
1058,5
1059,5
1060,4
1061,2
1062,9
1063,4
1064,5
1065,5
1066,8
1067,5
1068,9
1069,5
1070,5
1071,3
1072,7
1073,9
1074,5
1075,5
1076,5
1077,1
1078,5
1079,9
1080,5
1081,9
1082,5
1083,3
1084,3
1085,9
1086,6
1087,4
1088,5
1089,4
1090,6
1091,5
1092,9
1093,3
1094,5
1095,0
1096,3
1097,9
1098,6
1099,3
1100,6
1101,7
1102,5
1103,5
1104,5
1105,7
1106,9
1107,4
1108,3
1109,5
1110,3
1111,9
1112,4
1113,5
1114,5
1115,9
1116,5
1117,5
1118,1
1119,5
1120,2
1121,5
1122,0
1123,5
1124,5
1125,5
1126,5
1127,9
1128,3
1129,9
1130,1
1131,4
1132,5
1133,8
1134,5
1135,3
1136,6
1137,5
1138,3
1139,1
1140,5
1141,9
1142,9
1143,2
1144,1
1145,8
1146,2
1147,4
1148,1
1149,0
1150,5
1151,3
1152,6
1153,9
1154,0
1155,8
1156,1
1157,5
1158,5
1159,4
1160,1
1161,4
1162,5
1163,4
1164,5
1165,5
1166,9
1167,3
1168,5
1169,5
1170,5
1171,5
1172,9
1173,3
1174,5
1175,5
1176,9
1177,9
1178,1
1179,5
1180,6
1181,3
1182,5
1183,5
1184,5
1185,1
1186,9
1187,5
1188,8
1189,0
1190,6
1191,8
1192,5
1193,5
1194,5
1195,5
1196,0
1197,0
1198,6
1199,5
1200,5
1201,9
1202,5
1203,8
1204,9
1205,9
1206,3
1207,1
1208,2
1209,5
1210,9
1211,2
1212,1
1213,1
1214,5
1215,1
1216,9
1217,5
1218,7
1219,8
1220,3
1221,8
1222,9
1223,4
1224,8
1225,2
1226,5
1227,5
1228,5
1229,5
1230,5
1231,4
1232,9
1233,5
1234,5
1235,9
1236,5
1237,3
1238,3
1239,5
1240,9
1241,5
1242,5
1243,9
1244,5
1245,9
1246,2
1247,8
1248,9
1249,8
1250,8
1251,1
1252,6
1253,5
1254,9
1255,5
1256,5
1257,3
1258,1
1259,5
1260,5
1261,3
1262,0
1263,9
1264,9
1265,4
1266,5
1267,5
1268,5
1269,5
1270,2
1271,5
1272,8
1273,9
1274,5
1275,5
1276,5
1277,9
1278,4
1279,3
1280,5
1281,3
1282,5
1283,9
1284,1
1285,3
1286,5
1287,5
1288,5
1289,1
1290,5
1291,3
1292,5
1293,5
1294,4
1295,8
1296,1
1297,5
1298,8
1299,3
1300,5
1301,5
1302,5
1303,7
1304,3
1305,5
1306,1
1307,4
1308,5
1309,2
1310,5
1311,9
1312,4
1313,5
1314,4
1315,2
1316,5
1317,1
1318,5
1319,1
1320,5
1321,3
1322,7
1323,9
1324,4
1325,8
1326,5
1327,1
1328,5
1329,4
1330,6
1331,5
1332,5
1333,5
1334,8
1335,5
1336,5
1337,5
1338,6
1339,3
1340,3
1341,8
1342,2
1343,5
1344,5
1345,1
1346,9
1347,5
1348,9
1349,2
1350,3
1351,5
1352,1
1353,8
1354,5
1355,5
1356,5
1357,5
1358,5
1359,5
1360,7
1361,3
1362,7
1363,4
1364,9
1365,3
1366,5
1367,7
1368,3
1369,6
1370,9
1371,5
1372,5
1373,3
1374,5
1375,5
1376,8
1377,5
1378,5
1379,0
1380,0
1381,5
1382,8
1383,2
1384,2
1385,9
1386,5
1387,7
1388,6
1389,8
1390,5
1391,8
1392,1
1393,3
1394,3
1395,1
1396,9
1397,5
1398,3
1399,5
1400,8
1401,6
1402,5
1403,1
1404,5
1405,9
1406,5
1407,9
1408,2
1409,9
1410,1
1411,5
1412,9
1413,1
1414,5
1415,5
1416,1
1417,0
1418,4
1419,4
1420,4
1421,5
1422,5
1423,2
1424,9
1425,5
1426,5
1427,5
1428,2
1429,5
1430,5
1431,6
1432,1
1433,8
1434,5
1435,5
1436,5
1437,0
1438,5
1439,8
1440,5
1441,8
1442,5
1443,3
1444,5
1445,2
1446,8
1447,3
1448,5
1449,1
1450,5
1451,9
1452,5
1453,5
1454,9
1455,0
1456,5
1457,5
1458,8
1459,6
1460,5
1461,5
1462,4
1463,0
1464,3
1465,3
1466,1
1467,5
1468,5
1469,0
1470,1
1471,9
1472,5
1473,3
1474,5
1475,8
1476,5
1477,6
1478,5
1479,6
1480,3
1481,5
1482,4
1483,2
1484,6
1485,5
1486,2
1487,9
1488,8
1489,4
1490,5
1491,8
1492,5
1493,3
1494,9
1495,9
1496,3
1497,3
1498,5
1499,7
1500,1
1501,3
1502,2
1503,5
1504,3
1505,8
1506,5
1507,2
1508,9
1509,5
1510,4
1511,5
1512,4
1513,5
1514,3
1515,8
1516,5
1517,5
1518,8
1519,5
1520,3
1521,7
1522,3
1523,3
1524,5
1525,5
1526,3
1527,8
1528,6
1529,6
1530,4
1531,5
1532,3
1533,5
1534,5
1535,0
1536,9
1537,2
1538,6
1539,5
1540,3
1541,9
1542,5
1543,9
1544,9
1545,9
1546,5
1547,5
1548,5
1549,6
1550,9
1551,5
1552,1
1553,5
1554,3
1555,5
1556,1
1557,2
1558,5
1559,8
1560,5
1561,5
1562,5
1563,8
1564,5
1565,9
1566,0
1567,5
1568,5
1569,5
1570,4
1571,6
1572,5
1573,5
1574,5
1575,2
1576,5
1577,7
1578,6
1579,5
1580,1
1581,5
1582,2
1583,1
1584,5
1585,5
1586,2
1587,3
1588,5
1589,3
1590,8
1591,0
1592,3
1593,7
1594,6
1595,4
1596,5
1597,9
1598,5
1599,5
1600,5
1601,9
1602,1
1603,5
1604,6
1605,3
1606,3
1607,9
1608,5
1609,3
1610,5
1611,8
1612,2
1613,3
1614,5
1615,5
1616,3
1617,8
1618,3
1619,5
1620,8
1621,3
1622,8
1623,9
1624,8
1625,5
1626,9
1627,5
1628,9
1629,3
1630,5
1631,1
1632,5
1633,6
1634,1
1635,5
1636,6
1637,5
1638,3
1639,9
1640,5
1641,2
1642,9
1643,2
1644,1
1645,8
1646,9
1647,1
1648,5
1649,5
1650,4
1651,8
1652,5
1653,4
1654,5
1655,5
1656,9
1657,5
1658,5
1659,3
1660,1
1661,1
1662,3
1663,5
1664,5
1665,5
1666,9
1667,2
1668,3
1669,5
1670,5
1671,5
1672,5
1673,5
1674,7
1675,6
1676,3
1677,5
1678,5
1679,5
1680,4
1681,5
1682,9
1683,0
1684,3
1685,9
1686,5
1687,5
1688,5
1689,6
1690,1
1691,3
1692,5
1693,8
1694,5
1695,9
1696,7
1697,5
1698,5
1699,4
1700,9
1701,8
1702,5
1703,5
1704,9
1705,5
1706,9
1707,5
1708,3
1709,8
1710,9
1711,5
1712,8
1713,3
1714,8
1715,9
1716,6
1717,1
1718,8
1719,5
1720,3
1721,4
1722,5
1723,1
1724,8
1725,4
1726,6
1727,8
1728,9
1729,3
1730,1
1731,1
1732,3
1733,9
1734,4
1735,9
1736,9
1737,7
1738,6
1739,3
1740,8
1741,3
1742,5
1743,3
1744,9
1745,5
1746,5
1747,3
1748,5
1749,9
1750,1
1751,9
1752,5
1753,5
1754,6
1755,5
1756,3
1757,3
1758,9
1759,5
1760,1
1761,5
1762,9
1763,8
1764,3
1765,8
1766,9
1767,1
1768,9
1769,8
1770,5
1771,7
1772,3
1773,5
1774,1
1775,9
1776,8
1777,7
1778,8
1779,2
1780,3
1781,1
1782,5
1783,5
1784,9
1785,7
1786,5
1787,5
1788,4
1789,5
1790,1
1791,9
1792,5
1793,7
1794,4
1795,0
1796,8
1797,8
1798,3
1799,5
1800,7
1801,4
1802,9
1803,8
1804,3
1805,3
1806,9
1807,5
1808,9
1809,0
1810,5
1811,3
1812,9
1813,9
1814,5
1815,5
1816,4
1817,4
1818,5
1819,5
1820,6
1821,1
1822,9
1823,5
1824,5
1825,8
1826,5
1827,8
1828,5
1829,5
1830,9
1831,5
1832,5
1833,3
1834,5
1835,5
1836,6
1837,5
1838,3
1839,1
1840,5
1841,3
1842,9
1843,8
1844,9
1845,5
1846,5
1847,5
1848,8
1849,7
1850,2
1851,5
1852,5
1853,6
1854,9
1855,4
1856,5
1857,8
1858,5
1859,5
1860,5
1861,3
1862,3
1863,9
1864,2
1865,5
1866,5
1867,5
1868,5
1869,5
1870,5
1871,9
1872,3
1873,5
1874,9
1875,8
1876,9
1877,5
1878,5
1879,5
1880,9
1881,2
1882,5
1883,1
1884,9
1885,5
1886,5
1887,1
1888,9
1889,6
1890,1
1891,2
1892,8
1893,8
1894,5
1895,5
1896,9
1897,8
1898,5
1899,8
1900,5
1901,1
1902,4
1903,5
1904,9
1905,5
1906,6
1907,5
1908,8
1909,1
1910,5
1911,3
1912,5
1913,3
1914,9
1915,5
1916,1
1917,6
1918,4
1919,2
1920,7
1921,9
1922,5
1923,5
1924,3
1925,4
1926,7
1927,5
1928,5
1929,5
1930,5
1931,2
1932,3
1933,5
1934,9
1935,7
1936,7
1937,1
1938,6
1939,2
1940,5
1941,8
1942,7
1943,5
1944,6
1945,9
1946,1
1947,3
1948,1
1949,4
1950,7
1951,7
1952,6
1953,5
1954,5
1955,9
1956,5
1957,9
1958,2
1959,5
1960,9
1961,5
1962,3
1963,3
1964,4
1965,5
1966,5
1967,7
1968,5
1969,5
1970,5
1971,5
1972,5
1973,0
1974,3
1975,5
1976,5
1977,9
1978,4
1979,9
1980,5
1981,5
1982,5
1983,8
1984,3
1985,8
1986,5
1987,3
1988,9
1989,1
1990,9
1991,6
1992,8
1993,5
1994,1
1995,3
1996,8
1997,5
1998,3
1999,9
2000,5
2001,5
2002,9
2003,6
2004,6
2005,9
2006,8
2007,5
2008,9
2009,5
2010,8
2011,5
2012,5
2013,9
2014,6
2015,9
2016,6
2017,8
2018,7
2019,7
2020,5
2021,3
2022,9
2023,4
2024,8
2025,9
2026,3
2027,6
2028,5
2029,5
2030,5
2031,5
2032,3
2033,5
2034,5
2035,3
2036,3
2037,9
2038,5
2039,5
2040,2
2041,5
2042,3
2043,8
2044,1
2045,1
2046,9
2047,5
2048,5
2049,9
2050,9
2051,5
2052,1
2053,4
2054,5
2055,7
2056,3
2057,5
2058,5
2059,3
2060,9
2061,9
2062,5
2063,5
2064,7
2065,5
2066,5
2067,5
2068,0
2069,4
2070,3
2071,5
2072,3
2073,9
2074,8
2075,4
2076,3
2077,5
2078,8
2079,3
2080,6
2081,9
2082,0
2083,3
2084,3
2085,4
2086,3
2087,5
2088,0
2089,4
2090,9
2091,5
2092,9
2093,5
2094,5
2095,5
2096,9
2097,8
2098,5
2099,8
2100,5
2101,3
2102,5
2103,8
2104,9
2105,1
2106,9
2107,0
2108,9
2109,1
2110,5
2111,2
2112,5
2113,5
2114,3
2115,8
2116,9
2117,0
2118,9
2119,1
2120,3
2121,5
2122,5
2123,5
2124,7
2125,4
2126,5
2127,5
2128,0
2129,8
2130,3
2131,5
2132,5
2133,7
2134,5
2135,5
2136,5
2137,9
2138,1
2139,8
2140,3
2141,5
2142,9
2143,5
2144,5
2145,5
2146,4
2147,5
2148,9
2149,5
2150,5
2151,5
2152,5
2153,5
2154,3
2155,1
2156,0
2157,5
2158,5
2159,1
2160,9
2161,6
2162,5
2163,5
2164,5
2165,3
2166,4
2167,9
2168,7
2169,1
2170,9
2171,4
2172,6
2173,5
2174,5
2175,3
2176,1
2177,2
2178,1
2179,0
2180,9
2181,8
2182,4
2183,3
2184,8
2185,5
2186,5
2187,3
2188,7
2189,5
2190,1
2191,0
2192,8
2193,3
2194,1
2195,2
2196,1
2197,5
2198,5
2199,5
2200,6
2201,1
2202,1
2203,5
2204,5
2205,9
2206,5
2207,9
2208,9
2209,5
2210,9
2211,5
2212,5
2213,5
2214,5
2215,8
2216,8
2217,5
2218,8
2219,5
2220,5
2221,7
2222,9
2223,6
2224,5
2225,5
2226,4
2227,0
2228,2
2229,5
2230,1
2231,3
2232,5
2233,5
2234,5
2235,7
2236,1
2237,8
2238,5
2239,7
2240,1
2241,9
2242,5
2243,3
2244,5
2245,5
2246,1
2247,5
2248,5
2249,1
2250,4
2251,5
2252,5
2253,9
2254,2
2255,3
2256,5
2257,2
2258,9
2259,1
2260,5
2261,2
2262,1
2263,7
2264,2
2265,4
2266,5
2267,5
2268,8
2269,5
2270,3
2271,7
2272,5
2273,9
2274,1
2275,5
2276,7
2277,6
2278,9
2279,7
2280,8
2281,3
2282,3
2283,5
2284,1
2285,5
2286,7
2287,5
2288,3
2289,8
2290,1
2291,9
2292,9
2293,5
2294,8
2295,9
2296,8
2297,5
2298,5
2299,5
2300,7
2301,5
2302,7
2303,1
2304,3
2305,8
2306,3
2307,5
2308,5
2309,3
2310,5
2311,9
2312,9
2313,5
2314,5
2315,7
2316,3
2317,3
2318,2
2319,8
2320,4
2321,3
2322,5
2323,5
2324,5
2325,5
2326,5
2327,5
2328,3
2329,0
2330,0
2331,4
2332,5
2333,7
2334,3
2335,7
2336,3
2337,5
2338,4
2339,4
2340,9
2341,4
2342,4
2343,1
2344,1
2345,9
2346,4
2347,5
2348,3
2349,5
2350,5
2351,2
2352,6
2353,4
2354,5
2355,8
2356,3
2357,6
2358,1
2359,1
2360,1
2361,5
2362,5
2363,8
2364,5
2365,3
2366,7
2367,5
2368,1
2369,9
2370,8
2371,2
2372,4
2373,9
2374,5
2375,1
2376,4
2377,0
2378,7
2379,8
2380,5
2381,9
2382,5
2383,3
2384,5
2385,8
2386,5
2387,5
2388,9
2389,6
2390,5
2391,3
2392,5
2393,3
2394,3
2395,4
2396,5
2397,8
2398,8
2399,3
2400,7
2401,5
2402,4
2403,5
2404,8
2405,5
2406,1
2407,1
2408,9
2409,5
2410,1
2411,8
2412,1
2413,3
2414,8
2415,5
2416,9
2417,5
2418,5
2419,1
2420,3
2421,9
2422,7
2423,7
2424,5
2425,3
2426,5
2427,5
2428,8
2429,5
2430,3
2431,5
2432,3
2433,1
2434,3
2435,3
2436,8
2437,2
2438,1
2439,5
2440,8
2441,5
2442,5
2443,7
2444,9
2445,7
2446,5
2447,5
2448,5
2449,5
2450,5
2451,5
2452,5
2453,8
2454,3
2455,5
2456,6
2457,5
2458,5
2459,5
2460,1
2461,5
2462,9
2463,5
2464,7
2465,9
2466,5
2467,5
2468,5
2469,5
2470,5
2471,5
2472,5
2473,5
2474,5
2475,1
2476,8
2477,5
2478,5
2479,9
2480,8
2481,7
2482,5
2483,7
2484,5
2485,5
2486,8
2487,5
2488,5
2489,5
2490,4
2491,7
2492,2
2493,9
2494,5
2495,9
2496,5
2497,9
2498,5
2499,4
2500,9
2501,4
2502,3
2503,3
2504,5
2505,3
2506,9
2507,8
2508,1
2509,5
2510,5
2511,5
2512,8
2513,5
2514,1
2515,5
2516,5
2517,8
2518,5
2519,5
2520,5
2521,5
2522,5
2523,5
2524,4
2525,1
2526,3
2527,3
2528,0
2529,5
2530,1
2531,4
2532,9
2533,6
2534,5
2535,9
2536,9
2537,0
2538,4
2539,5
2540,5
2541,8
2542,3
2543,5
2544,5
2545,5
2546,5
2547,5
2548,5
2549,5
2550,3
2551,5
2552,9
2553,5
2554,1
2555,5
2556,3
2557,5
2558,5
2559,3
2560,3
2561,2
2562,5
2563,1
2564,7
2565,7
2566,9
2567,3
2568,7
2569,8
2570,3
2571,5
2572,5
2573,2
2574,9
2575,4
2576,5
2577,3
2578,5
2579,1
2580,5
2581,3
2582,5
2583,7
2584,5
2585,5
2586,9
2587,3
2588,8
2589,9
2590,9
2591,5
2592,7
2593,0
2594,9
2595,3
2596,9
2597,1
2598,3
2599,1
2600,5
2601,5
2602,5
2603,5
2604,5
2605,3
2606,5
2607,5
2608,3
2609,5
2610,5
2611,8
2612,3
2613,3
2614,4
2615,5
2616,5
2617,8
2618,3
2619,3
2620,9
2621,5
2622,5
2623,7
2624,3
2625,5
2626,5
2627,6
2628,8
2629,9
2630,3
2631,2
2632,5
2633,8
2634,5
2635,3
2636,1
2637,8
2638,2
2639,8
2640,3
2641,5
2642,9
2643,5
2644,5
2645,3
2646,4
2647,7
2648,3
2649,9
2650,0
2651,5
2652,0
2653,1
2654,9
2655,6
2656,1
2657,8
2658,8
2659,9
2660,5
2661,8
2662,1
2663,2
2664,5
2665,5
2666,5
2667,7
2668,5
2669,5
2670,8
2671,8
2672,7
2673,2
2674,9
2675,6
2676,9
2677,5
2678,6
2679,5
2680,2
2681,4
2682,3
2683,9
2684,4
2685,1
2686,5
2687,8
2688,9
2689,6
2690,3
2691,5
2692,5
2693,5
2694,1
2695,9
2696,5
2697,5
2698,9
2699,9
2700,5
2701,9
2702,5
2703,9
2704,9
2705,6
2706,5
2707,5
2708,8
2709,5
2710,5
2711,1
2712,4
2713,3
2714,9
2715,8
2716,5
2717,3
2718,8
2719,5
2720,1
2721,5
2722,5
2723,6
2724,3
2725,5
2726,5
2727,2
2728,5
2729,1
2730,2
2731,5
2732,3
2733,6
2734,9
2735,1
2736,5
2737,7
2738,6
2739,5
2740,5
2741,7
2742,8
2743,5
2744,5
2745,5
2746,5
2747,1
2748,9
2749,8
2750,9
2751,0
2752,0
2753,5
2754,1
2755,9
2756,5
2757,8
2758,6
2759,8
2760,6
2761,1
2762,0
2763,5
2764,8
2765,8
2766,8
2767,5
2768,1
2769,5
2770,5
2771,5
2772,5
2773,5
2774,9
2775,8
2776,5
2777,5
2778,0
2779,2
2780,8
2781,3
2782,9
2783,5
2784,3
2785,5
2786,3
2787,6
2788,9
2789,5
2790,1
2791,5
2792,5
2793,9
2794,5
2795,8
2796,5
2797,5
2798,5
2799,5
2800,3
2801,5
2802,5
2803,8
2804,5
2805,5
2806,5
2807,9
2808,3
2809,5
2810,5
2811,5
2812,9
2813,5
2814,3
2815,8
2816,5
2817,1
2818,9
2819,4
2820,4
2821,4
2822,0
2823,5
2824,5
2825,8
2826,6
2827,4
2828,3
2829,5
2830,5
2831,5
2832,5
2833,3
2834,5
2835,8
2836,9
2837,5
2838,7
2839,3
2840,9
2841,3
2842,1
2843,8
2844,7
2845,7
2846,9
2847,5
2848,5
2849,3
2850,4
2851,6
2852,5
2853,5
2854,5
2855,5
2856,6
2857,5
2858,9
2859,5
2860,5
2861,8
2862,5
2863,5
2864,5
2865,5
2866,5
2867,5
2868,5
2869,6
2870,8
2871,9
2872,3
2873,4
2874,8
2875,7
2876,5
2877,5
2878,9
2879,6
2880,5
2881,5
2882,3
2883,5
2884,5
2885,3
2886,3
2887,5
2888,7
2889,5
2890,4
2891,7
2892,3
2893,9
2894,3
2895,8
2896,5
2897,5
2898,8
2899,5
2900,8
2901,9
2902,5
2903,5
2904,5
2905,2
2906,5
2907,5
2908,9
2909,5
2910,1
2911,2
2912,3
2913,3
2914,5
2915,9
2916,9
2917,5
2918,5
2919,5
2920,8
2921,5
2922,9
2923,5
2924,5
2925,5
2926,5
2927,5
2928,4
2929,1
2930,9
2931,3
2932,3
2933,8
2934,5
2935,5
2936,5
2937,4
2938,9
2939,5
2940,5
2941,8
2942,9
2943,8
2944,6
2945,3
2946,3
2947,3
2948,6
2949,8
2950,9
2951,5
2952,5
2953,3
2954,5
2955,0
2956,3
2957,5
2958,1
2959,5
2960,9
2961,5
2962,5
2963,0
2964,4
2965,9
2966,3
2967,9
2968,7
2969,7
2970,5
2971,8
2972,3
2973,5
2974,4
2975,1
2976,5
2977,5
2978,8
2979,3
2980,5
2981,5
2982,2
2983,5
2984,9
2985,3
2986,3
2987,9
2988,9
2989,8
2990,6
2991,5
2992,5
2993,3
2994,7
2995,5
2996,5
2997,8
2998,3
2999,5
3000,8
3001,5
3002,5
3003,5
3004,7
3005,5
3006,5
3007,5
3008,5
3009,5
3010,1
3011,5
3012,8
3013,5
3014,8
3015,5
3016,5
3017,5
3018,5
3019,6
3020,1
3021,8
3022,1
3023,5
3024,5
3025,4
3026,9
3027,1
3028,1
3029,5
3030,5
3031,5
3032,5
3033,0
3034,9
3035,9
3036,2
3037,5
3038,8
3039,5
3040,3
3041,7
3042,5
3043,5
3044,8
3045,8
3046,5
3047,5
3048,5
3049,2
3050,3
3051,1
3052,6
3053,8
3054,5
3055,7
3056,7
3057,9
3058,9
3059,5
3060,5
3061,7
3062,1
3063,9
3064,6
3065,8
3066,5
3067,5
3068,5
3069,8
3070,4
3071,3
3072,2
3073,5
3074,3
3075,5
3076,9
3077,5
3078,8
3079,4
3080,7
3081,3
3082,2
3083,3
3084,5
3085,5
3086,9
3087,5
3088,9
3089,5
3090,5
3091,9
3092,5
3093,1
3094,8
3095,3
3096,8
3097,5
3098,1
3099,5
3100,9
3101,8
3102,7
3103,1
3104,9
3105,5
3106,5
3107,0
3108,5
3109,5
3110,3
3111,9
3112,7
3113,2
3114,9
3115,2
3116,5
3117,5
3118,9
3119,5
3120,5
3121,3
3122,5
3123,4
3124,5
3125,5
3126,7
3127,1
3128,5
3129,3
3130,3
3131,0
3132,3
3133,3
3134,5
3135,8
3136,5
3137,9
3138,4
3139,3
3140,5
3141,9
3142,6
3143,2
3144,3
3145,5
3146,9
3147,9
3148,9
3149,1
3150,9
3151,5
3152,3
3153,3
3154,5
3155,9
3156,4
3157,6
3158,5
3159,5
3160,6
3161,4
3162,7
3163,7
3164,5
3165,5
3166,9
3167,1
3168,7
3169,5
3170,4
3171,8
3172,5
3173,4
3174,5
3175,4
3176,3
3177,3
3178,5
3179,8
3180,8
3181,8
3182,5
3183,4
3184,5
3185,9
3186,0
3187,5
3188,5
3189,5
3190,7
3191,5
3192,0
3193,9
3194,3
3195,5
3196,8
3197,1
3198,8
3199,8
3200,9
3201,9
3202,2
3203,1
3204,1
3205,5
3206,5
3207,3
3208,3
3209,5
3210,5
3211,9
3212,1
3213,2
3214,9
3215,1
3216,0
3217,5
3218,3
3219,5
3220,0
3221,5
3222,3
3223,4
3224,8
3225,9
3226,7
3227,8
3228,1
3229,9
3230,1
3231,3
3232,7
3233,4
3234,9
3235,4
3236,5
3237,5
3238,3
3239,5
3240,5
3241,5
3242,4
3243,8
3244,0
3245,1
3246,1
3247,9
3248,4
3249,3
3250,5
3251,9
3252,9
3253,9
3254,1
3255,0
3256,1
3257,3
3258,2
3259,9
3260,5
3261,1
3262,3
3263,7
3264,5
3265,5
3266,8
3267,0
3268,5
3269,6
3270,3
3271,2
3272,8
3273,1
3274,5
3275,1
3276,8
3277,1
3278,5
3279,2
3280,5
3281,5
3282,7
3283,9
3284,9
3285,5
3286,3
3287,9
3288,4
3289,5
3290,5
3291,9
3292,5
3293,9
3294,5
3295,7
3296,3
3297,7
3298,8
3299,5
3300,9
3301,1
3302,5
3303,5
3304,5
3305,1
3306,8
3307,8
3308,5
3309,7
3310,7
3311,8
3312,5
3313,5
3314,5
3315,3
3316,8
3317,9
3318,8
3319,5
3320,5
3321,1
3322,5
3323,8
3324,8
3325,5
3326,0
3327,3
3328,3
3329,7
3330,5
3331,3
3332,5
3333,4
3334,4
3335,5
3336,5
3337,5
3338,1
3339,4
3340,3
3341,5
3342,4
3343,5
3344,5
3345,1
3346,8
3347,0
3348,8
3349,5
3350,5
3351,6
3352,1
3353,9
3354,7
3355,5
3356,5
3357,2
3358,4
3359,9
3360,9
3361,5
3362,9
3363,5
3364,3
3365,8
3366,1
3367,5
3368,3
3369,9
3370,5
3371,5
3372,8
3373,3
3374,9
3375,5
3376,8
3377,5
3378,5
3379,5
3380,3
3381,1
3382,5
3383,6
3384,5
3385,8
3386,4
3387,1
3388,9
3389,5
3390,5
3391,3
3392,6
3393,5
3394,5
3395,2
3396,5
3397,5
3398,4
3399,1
3400,9
3401,7
3402,0
3403,5
3404,6
3405,2
3406,1
3407,3
3408,5
3409,3
3410,3
3411,9
3412,9
3413,0
3414,0
3415,8
3416,8
3417,9
3418,8
3419,9
3420,6
3421,1
3422,1
3423,5
3424,7
3425,6
3426,7
3427,5
3428,1
3429,6
3430,5
3431,3
3432,5
3433,3
3434,5
3435,1
3436,2
3437,5
3438,5
3439,1
3440,9
3441,5
3442,1
3443,6
3444,3
3445,4
3446,8
3447,8
3448,5
3449,6
3450,3
3451,9
3452,7
3453,1
3454,1
3455,3
3456,3
3457,3
3458,1
3459,9
3460,4
3461,2
3462,7
3463,9
3464,4
3465,3
3466,9
3467,5
3468,5
3469,4
3470,5
3471,5
3472,1
3473,9
3474,5
3475,5
3476,5
3477,9
3478,5
3479,9
3480,8
3481,5
3482,5
3483,2
3484,4
3485,5
3486,9
3487,3
3488,3
3489,5
3490,5
3491,9
3492,2
3493,5
3494,3
3495,1
3496,5
3497,8
3498,9
3499,9
3500,5
3501,4
3502,9
3503,5
3504,3
3505,5
3506,9
3507,5
3508,9
3509,1
3510,5
3511,3
3512,1
3513,8
3514,2
3515,3
3516,3
3517,5
3518,4
3519,6
3520,5
3521,4
3522,5
3523,5
3524,5
3525,4
3526,2
3527,5
3528,3
3529,3
3530,5
3531,9
3532,9
3533,6
3534,9
3535,5
3536,9
3537,5
3538,3
3539,5
3540,2
3541,9
3542,2
3543,4
3544,9
3545,4
3546,5
3547,6
3548,5
3549,3
3550,5
3551,6
3552,5
3553,8
3554,5
3555,6
3556,5
3557,5
3558,0
3559,6
3560,1
3561,5
3562,5
3563,1
3564,5
3565,1
3566,5
3567,5
3568,5
3569,4
3570,8
3571,9
3572,5
3573,9
3574,5
3575,0
3576,7
3577,3
3578,3
3579,5
3580,3
3581,1
3582,5
3583,5
3584,5
3585,8
3586,9
3587,3
3588,5
3589,5
3590,9
3591,9
3592,3
3593,5
3594,1
3595,9
3596,5
3597,4
3598,5
3599,5
3600,5
3601,3
3602,6
3603,5
3604,5
3605,9
3606,1
3607,1
3608,4
3609,8
3610,7
3611,4
3612,3
3613,9
3614,9
3615,7
3616,4
3617,7
3618,1
3619,5
3620,5
3621,3
3622,4
3623,6
3624,5
3625,0
3626,5
3627,1
3628,8
3629,2
3630,3
3631,5
3632,5
3633,7
3634,3
3635,5
3636,5
3637,9
3638,5
3639,1
3640,3
3641,9
3642,3
3643,8
3644,7
3645,1
3646,9
3647,0
3648,9
3649,5
3650,3
3651,5
3652,3
3653,1
3654,5
3655,8
3656,1
3657,4
3658,9
3659,5
3660,3
3661,8
3662,2
3663,5
3664,5
3665,5
3666,4
3667,5
3668,5
3669,2
3670,6
3671,3
3672,5
3673,5
3674,3
3675,5
3676,8
3677,9
3678,8
3679,5
3680,1
3681,9
3682,3
3683,2
3684,5
3685,4
3686,4
3687,5
3688,5
3689,5
3690,1
3691,6
3692,5
3693,7
3694,9
3695,3
3696,9
3697,1
3698,5
3699,9
3700,3
3701,4
3702,3
3703,5
3704,1
3705,5
3706,5
3707,0
3708,5
3709,5
3710,5
3711,3
3712,5
3713,5
3714,7
3715,5
3716,5
3717,3
3718,9
3719,5
3720,9
3721,9
3722,9
3723,9
3724,9
3725,9
3726,5
3727,5
3728,5
3729,5
3730,3
3731,9
3732,8
3733,1
3734,1
3735,8
3736,8
3737,9
3738,5
3739,6
3740,5
3741,5
3742,3
3743,3
3744,7
3745,5
3746,6
3747,3
3748,3
3749,3
3750,2
3751,5
3752,5
3753,2
3754,7
3755,9
3756,9
3757,8
3758,3
3759,5
3760,5
3761,5
3762,6
3763,5
3764,5
3765,9
3766,3
3767,8
3768,8
3769,5
3770,9
3771,4
3772,5
3773,5
3774,3
3775,8
3776,2
3777,8
3778,6
3779,2
3780,3
3781,5
3782,5
3783,3
3784,9
3785,5
3786,3
3787,3
3788,3
3789,3
3790,3
3791,9
3792,2
3793,4
3794,4
3795,5
3796,3
3797,5
3798,5
3799,5
3800,7
3801,6
3802,5
3803,5
3804,9
3805,9
3806,8
3807,5
3808,8
3809,5
3810,1
3811,5
3812,3
3813,3
3814,1
3815,5
3816,5
3817,5
3818,5
3819,8
3820,4
3821,2
3822,4
3823,9
3824,2
3825,5
3826,3
3827,5
3828,9
3829,2
3830,5
3831,8
3832,5
3833,1
3834,9
3835,5
3836,5
3837,5
3838,9
3839,5
3840,8
3841,2
3842,4
3843,5
3844,1
3845,1
3846,5
3847,5
3848,9
3849,1
3850,8
3851,4
3852,6
3853,3
3854,5
3855,2
3856,1
3857,5
3858,9
3859,1
3860,5
3861,5
3862,3
3863,5
3864,5
3865,8
3866,4
3867,6
3868,8
3869,5
3870,5
3871,8
3872,5
3873,5
3874,5
3875,5
3876,4
3877,3
3878,5
3879,9
3880,9
3881,5
3882,2
3883,5
3884,8
3885,2
3886,2
3887,5
3888,5
3889,4
3890,9
3891,5
3892,5
3893,8
3894,6
3895,5
3896,0
3897,3
3898,5
3899,5
3900,1
3901,5
3902,5
3903,6
3904,0
3905,3
3906,5
3907,3
3908,9
3909,6
3910,3
3911,3
3912,0
3913,2
3914,4
3915,5
3916,5
3917,5
3918,5
3919,9
3920,3
3921,4
3922,2
3923,1
3924,5
3925,4
3926,1
3927,3
3928,4
3929,8
3930,8
3931,5
3932,1
3933,8
3934,5
3935,5
3936,5
3937,7
3938,6
3939,5
3940,4
3941,9
3942,9
3943,2
3944,5
3945,3
3946,5
3947,5
3948,3
3949,2
3950,8
3951,5
3952,1
3953,6
3954,9
3955,5
3956,5
3957,4
3958,5
3959,0
3960,0
3961,5
3962,5
3963,5
3964,9
3965,5
3966,3
3967,4
3968,5
3969,3
3970,3
3971,5
3972,4
3973,6
3974,7
3975,1
3976,3
3977,3
3978,3
3979,6
3980,5
3981,0
3982,5
3983,8
3984,1
3985,5
3986,5
3987,5
3988,9
3989,9
3990,1
3991,1
3992,5
3993,5
3994,7
3995,9
3996,3
3997,4
3998,5
3999,9
4000,9
4001,9
4002,5
4003,5
4004,6
4005,3
4006,7
4007,5
4008,5
4009,5
4010,5
4011,3
4012,5
4013,4
4014,3
4015,3
4016,9
4017,5
4018,5
4019,8
4020,5
4021,9
4022,5
4023,5
4024,8
4025,5
4026,3
4027,5
4028,9
4029,7
4030,5
4031,9
4032,3
4033,1
4034,8
4035,8
4036,3
4037,3
4038,1
4039,3
4040,1
4041,9
4042,5
4043,4
4044,9
4045,3
4046,4
4047,4
4048,9
4049,8
4050,7
4051,3
4052,9
4053,3
4054,5
4055,5
4056,8
4057,5
4058,3
4059,5
4060,8
4061,4
4062,7
4063,9
4064,9
4065,7
4066,1
4067,1
4068,9
4069,8
4070,3
4071,8
4072,5
4073,3
4074,7
4075,6
4076,8
4077,5
4078,3
4079,1
4080,8
4081,8
4082,0
4083,9
4084,7
4085,3
4086,3
4087,1
4088,5
4089,9
4090,7
4091,8
4092,0
4093,9
4094,5
4095,9
4096,5
4097,5
4098,3
4099,2
4100,1
4101,3
4102,5
4103,5
4104,5
4105,5
4106,1
4107,3
4108,7
4109,5
4110,3
4111,3
4112,2
4113,5
4114,1
4115,1
4116,5
4117,5
4118,8
4119,0
4120,7
4121,5
4122,3
4123,4
4124,8
4125,5
4126,6
4127,3
4128,3
4129,3
4130,5
4131,7
4132,3
4133,6
4134,2
4135,5
4136,1
4137,8
4138,5
4139,5
4140,4
4141,9
4142,5
4143,7
4144,5
4145,3
4146,5
4147,5
4148,1
4149,7
4150,1
4151,0
4152,9
4153,1
4154,5
4155,9
4156,8
4157,1
4158,0
4159,9
4160,5
4161,5
4162,5
4163,5
4164,5
4165,9
4166,5
4167,0
4168,8
4169,1
4170,5
4171,7
4172,5
4173,4
4174,5
4175,5
4176,7
4177,5
4178,9
4179,1
4180,3
4181,3
4182,3
4183,9
4184,4
4185,5
4186,5
4187,0
4188,9
4189,0
4190,3
4191,3
4192,3
4193,4
4194,2
4195,9
4196,3
4197,9
4198,5
4199,9
4200,9
4201,9
4202,5
4203,5
4204,5
4205,6
4206,1
4207,8
4208,3
4209,8
4210,6
4211,5
4212,8
4213,3
4214,9
4215,5
4216,9
4217,5
4218,5
4219,8
4220,5
4221,3
4222,5
4223,3
4224,4
4225,9
4226,5
4227,5
4228,2
4229,9
4230,4
4231,5
4232,5
4233,6
4234,5
4235,3
4236,4
4237,5
4238,5
4239,3
4240,0
4241,4
4242,8
4243,3
4244,6
4245,5
4246,4
4247,5
4248,3
4249,5
4250,6
4251,2
4252,5
4253,6
4254,8
4255,3
4256,6
4257,0
4258,9
4259,4
4260,9
4261,1
4262,8
4263,1
4264,5
4265,3
4266,5
4267,5
4268,1
4269,4
4270,4
4271,3
4272,3
4273,5
4274,3
4275,5
4276,2
4277,3
4278,6
4279,8
4280,8
4281,5
4282,0
4283,9
4284,9
4285,5
4286,6
4287,8
4288,2
4289,3
4290,9
4291,5
4292,2
4293,1
4294,5
4295,9
4296,9
4297,2
4298,5
4299,4
4300,5
4301,3
4302,9
4303,5
4304,1
4305,3
4306,5
4307,5
4308,9
4309,5
4310,5
4311,5
4312,9
4313,7
4314,9
4315,5
4316,5
4317,9
4318,9
4319,5
4320,9
4321,0
4322,5
4323,9
4324,9
4325,9
4326,5
4327,1
4328,8
4329,6
4330,9
4331,5
4332,3
4333,4
4334,5
4335,3
4336,3
4337,5
4338,6
4339,3
4340,3
4341,8
4342,3
4343,2
4344,8
4345,5
4346,8
4347,5
4348,6
4349,0
4350,3
4351,3
4352,9
4353,3
4354,8
4355,3
4356,5
4357,1
4358,5
4359,5
4360,5
4361,9
4362,2
4363,5
4364,9
4365,9
4366,9
4367,3
4368,6
4369,5
4370,1
4371,0
4372,3
4373,5
4374,5
4375,9
4376,3
4377,5
4378,4
4379,8
4380,5
4381,5
4382,8
4383,5
4384,4
4385,9
4386,3
4387,6
4388,5
4389,5
4390,5
4391,5
4392,5
4393,8
4394,3
4395,5
4396,5
4397,5
4398,5
4399,9
4400,5
4401,9
4402,8
4403,1
4404,8
4405,8
4406,5
4407,3
4408,9
4409,2
4410,1
4411,5
4412,5
4413,1
4414,6
4415,4
4416,8
4417,9
4418,9
4419,8
4420,5
4421,8
4422,2
4423,3
4424,5
4425,5
4426,5
4427,9
4428,3
4429,1
4430,5
4431,9
4432,5
4433,0
4434,9
4435,5
4436,9
4437,9
4438,5
4439,5
4440,9
4441,5
4442,2
4443,5
4444,9
4445,9
4446,2
4447,5
4448,0
4449,9
4450,9
4451,6
4452,3
4453,8
4454,9
4455,1
4456,5
4457,3
4458,9
4459,4
4460,9
4461,5
4462,9
4463,8
4464,5
4465,5
4466,5
4467,5
4468,7
4469,5
4470,3
4471,9
4472,7
4473,9
4474,2
4475,9
4476,4
4477,5
4478,5
4479,5
4480,5
4481,9
4482,5
4483,8
4484,5
4485,5
4486,7
4487,5
4488,1
4489,5
4490,9
4491,4
4492,3
4493,5
4494,7
4495,3
4496,0
4497,5
4498,5
4499,5
4500,5
4501,9
4502,3
4503,5
4504,1
4505,2
4506,5
4507,9
4508,1
4509,5
4510,3
4511,2
4512,4
4513,6
4514,9
4515,5
4516,9
4517,6
4518,5
4519,8
4520,5
4521,5
4522,7
4523,9
4524,9
4525,5
4526,7
4527,3
4528,8
4529,3
4530,9
4531,9
4532,8
4533,3
4534,5
4535,5
4536,3
4537,5
4538,3
4539,9
4540,5
4541,1
4542,9
4543,8
4544,5
4545,4
4546,1
4547,8
4548,9
4549,4
4550,5
4551,4
4552,5
4553,3
4554,9
4555,8
4556,5
4557,9
4558,5
4559,5
4560,2
4561,2
4562,5
4563,3
4564,1
4565,1
4566,6
4567,9
4568,5
4569,7
4570,5
4571,5
4572,8
4573,5
4574,1
4575,5
4576,5
4577,5
4578,5
4579,5
4580,6
4581,9
4582,3
4583,2
4584,5
4585,4
4586,5
4587,3
4588,5
4589,3
4590,9
4591,4
4592,6
4593,9
4594,2
4595,3
4596,3
4597,5
4598,1
4599,5
4600,6
4601,3
4602,2
4603,1
4604,3
4605,5
4606,3
4607,1
4608,5
4609,5
4610,5
4611,5
4612,9
4613,7
4614,3
4615,9
4616,1
4617,4
4618,9
4619,8
4620,5
4621,6
4622,3
4623,9
4624,9
4625,7
4626,3
4627,4
4628,5
4629,8
4630,5
4631,1
4632,8
4633,1
4634,9
4635,5
4636,3
4637,2
4638,9
4639,3
4640,5
4641,9
4642,8
4643,8
4644,3
4645,5
4646,5
4647,1
4648,3
4649,5
4650,6
4651,8
4652,3
4653,5
4654,3
4655,7
4656,6
4657,4
4658,8
4659,5
4660,5
4661,9
4662,4
4663,5
4664,5
4665,3
4666,3
4667,8
4668,8
4669,5
4670,5
4671,1
4672,5
4673,0
4674,5
4675,1
4676,0
4677,3
4678,7
4679,9
4680,5
4681,5
4682,2
4683,9
4684,4
4685,8
4686,3
4687,9
4688,1
4689,3
4690,8
4691,1
4692,1
4693,9
4694,9
4695,5
4696,5
4697,5
4698,9
4699,5
4700,1
4701,9
4702,9
4703,8
4704,3
4705,1
4706,8
4707,9
4708,5
4709,5
4710,6
4711,8
4712,3
4713,9
4714,5
4715,3
4716,9
4717,2
4718,1
4719,8
4720,1
4721,8
4722,4
4723,6
4724,5
4725,5
4726,1
4727,5
4728,5
4729,5
4730,3
4731,2
4732,5
4733,1
4734,1
4735,8
4736,5
4737,9
4738,5
4739,5
4740,9
4741,3
4742,8
4743,9
4744,5
4745,5
4746,5
4747,5
4748,7
4749,5
4750,3
4751,5
4752,5
4753,5
4754,3
4755,5
4756,5
4757,8
4758,8
4759,5
4760,3
4761,9
4762,5
4763,3
4764,6
4765,1
4766,1
4767,8
4768,9
4769,4
4770,9
4771,3
4772,5
4773,5
4774,9
4775,5
4776,6
4777,9
4778,9
4779,3
4780,9
4781,8
4782,7
4783,3
4784,5
4785,9
4786,9
4787,5
4788,6
4789,9
4790,5
4791,6
4792,5
4793,5
4794,7
4795,5
4796,5
4797,3
4798,5
4799,6
4800,9
4801,7
4802,9
4803,9
4804,5
4805,9
4806,1
4807,6
4808,0
4809,1
4810,5
4811,5
4812,9
4813,1
4814,5
4815,9
4816,5
4817,6
4818,5
4819,3
4820,0
4821,5
4822,9
4823,8
4824,5
4825,0
4826,5
4827,5
4828,5
4829,5
4830,5
4831,5
4832,5
4833,6
4834,5
4835,9
4836,9
4837,3
4838,1
4839,5
4840,5
4841,5
4842,3
4843,5
4844,5
4845,8
4846,5
4847,4
4848,6
4849,8
4850,5
4851,5
4852,5
4853,5
4854,1
4855,3
4856,7
4857,5
4858,8
4859,5
4860,5
4861,5
4862,5
4863,8
4864,5
4865,7
4866,7
4867,5
4868,8
4869,1
4870,5
4871,2
4872,3
4873,1
4874,9
4875,9
4876,5
4877,5
4878,5
4879,8
4880,5
4881,8
4882,7
4883,8
4884,0
4885,5
4886,3
4887,5
4888,8
4889,5
4890,3
4891,5
4892,8
4893,9
4894,9
4895,3
4896,5
4897,5
4898,1
4899,1
4900,2
4901,7
4902,5
4903,9
4904,6
4905,3
4906,8
4907,4
4908,5
4909,5
4910,3
4911,5
4912,5
4913,9
4914,7
4915,4
4916,8
4917,4
4918,1
4919,5
4920,5
4921,2
4922,1
4923,5
4924,0
4925,3
4926,5
4927,5
4928,3
4929,3
4930,5
4931,3
4932,7
4933,1
4934,5
4935,5
4936,8
4937,7
4938,8
4939,9
4940,5
4941,5
4942,3
4943,5
4944,1
4945,9
4946,5
4947,5
4948,5
4949,5
4950,3
4951,3
4952,1
4953,0
4954,3
4955,1
4956,2
4957,5
4958,8
4959,8
4960,8
4961,5
4962,8
4963,6
4964,7
4965,5
4966,8
4967,6
4968,2
4969,9
4970,5
4971,7
4972,5
4973,1
4974,3
4975,9
4976,5
4977,9
4978,6
4979,5
4980,8
4981,5
4982,3
4983,5
4984,3
4985,7
4986,9
4987,5
4988,5
4989,9
4990,5
4991,5
4992,7
4993,8
4994,5
4995,5
4996,5
4997,6
4998,5
4999,5
5000,8
5001,5
5002,4
5003,5
5004,3
5005,4
5006,1
5007,0
5008,6
5009,5
5010,5
5011,6
5012,1
5013,6
5014,1
5015,5
5016,5
5017,5
5018,5
5019,2
5020,3
5021,3
5022,5
5023,5
5024,5
5025,5
5026,1
5027,5
5028,5
5029,3
5030,5
5031,6
5032,0
5033,5
5034,0
5035,6
5036,0
5037,1
5038,5
5039,3
5040,5
5041,7
5042,8
5043,9
5044,0
5045,5
5046,5
5047,3
5048,5
5049,7
5050,3
5051,5
5052,6
5053,1
5054,9
5055,3
5056,5
5057,5
5058,5
5059,1
5060,5
5061,5
5062,5
5063,3
5064,5
5065,7
5066,1
5067,5
5068,5
5069,7
5070,0
5071,5
5072,7
5073,1
5074,5
5075,3
5076,8
5077,5
5078,7
5079,5
5080,0
5081,9
5082,1
5083,5
5084,5
5085,5
5086,6
5087,5
5088,0
5089,5
5090,5
5091,1
5092,1
5093,1
5094,1
5095,7
5096,2
5097,4
5098,5
5099,9
5100,2
5101,5
5102,5
5103,5
5104,5
5105,5
5106,5
5107,5
5108,7
5109,0
5110,0
5111,7
5112,6
5113,1
5114,1
5115,7
5116,5
5117,6
5118,5
5119,3
5120,2
5121,2
5122,5
5123,7
5124,5
5125,0
5126,5
5127,5
5128,1
5129,1
5130,9
5131,9
5132,6
5133,1
5134,0
5135,5
5136,5
5137,5
5138,5
5139,9
5140,0
5141,5
5142,0
5143,5
5144,3
5145,5
5146,5
5147,5
5148,0
5149,1
5150,8
5151,3
5152,9
5153,5
5154,5
5155,7
5156,5
5157,1
5158,8
5159,3
5160,5
5161,9
5162,5
5163,5
5164,3
5165,5
5166,5
5167,1
5168,3
5169,5
5170,4
5171,5
5172,5
5173,7
5174,5
5175,9
5176,9
5177,5
5178,5
5179,5
5180,9
5181,5
5182,9
5183,5
5184,5
5185,5
5186,3
5187,1
5188,3
5189,5
5190,8
5191,7
5192,2
5193,8
5194,1
5195,5
5196,4
5197,5
5198,5
5199,5
5200,9
5201,9
5202,2
5203,4
5204,3
5205,5
5206,1
5207,3
5208,5
5209,1
5210,5
5211,9
5212,1
5213,3
5214,6
5215,9
5216,9
5217,5
5218,8
5219,9
5220,5
5221,9
5222,9
5223,9
5224,5
5225,3
5226,3
5227,8
5228,1
5229,6
5230,9
5231,5
5232,5
5233,1
5234,5
5235,7
5236,5
5237,5
5238,3
5239,7
5240,5
5241,5
5242,0
5243,5
5244,0
5245,9
5246,3
5247,1
5248,5
5249,3
5250,0
5251,5
5252,0
5253,1
5254,0
5255,1
5256,0
5257,4
5258,0
5259,1
5260,0
5261,5
5262,7
5263,5
5264,6
5265,1
5266,5
5267,3
5268,5
5269,5
5270,7
5271,9
5272,1
5273,2
5274,5
5275,5
5276,5
5277,5
5278,7
5279,5
5280,9
5281,0
5282,1
5283,2
5284,9
5285,4
5286,5
5287,5
5288,9
5289,5
5290,5
5291,0
5292,1
5293,2
5294,5
5295,4
5296,5
5297,5
5298,7
5299,5
5300,5
5301,5
5302,0
5303,8
5304,6
5305,6
5306,0
5307,1
5308,0
5309,5
5310,3
5311,9
5312,5
5313,5
5314,9
5315,1
5316,5
5317,1
5318,9
5319,1
5320,5
5321,0
5322,8
5323,5
5324,1
5325,9
5326,5
5327,7
5328,1
5329,3
5330,3
5331,9
5332,1
5333,6
5334,5
5335,7
5336,5
5337,3
5338,8
5339,8
5340,9
5341,2
5342,5
5343,0
5344,5
5345,9
5346,5
5347,3
5348,5
5349,5
5350,1
5351,1
5352,5
5353,9
5354,0
5355,5
5356,5
5357,3
5358,6
5359,3
5360,3
5361,5
5362,1
5363,5
5364,9
5365,5
5366,7
5367,2
5368,8
5369,0
5370,8
5371,3
5372,9
5373,7
5374,4
5375,5
5376,5
5377,5
5378,4
5379,6
5380,5
5381,5
5382,5
5383,5
5384,5
5385,1
5386,2
5387,9
5388,5
5389,5
5390,5
5391,5
5392,6
5393,8
5394,4
5395,1
5396,5
5397,6
5398,5
5399,0
5400,1
5401,9
5402,6
5403,7
5404,5
5405,5
5406,0
5407,1
5408,1
5409,3
5410,5
5411,5
5412,5
5413,7
5414,5
5415,9
5416,8
5417,5
5418,2
5419,3
5420,5
5421,3
5422,5
5423,9
5424,5
5425,5
5426,7
5427,5
5428,2
5429,9
5430,9
5431,9
5432,1
5433,5
5434,9
5435,5
5436,8
5437,2
5438,7
5439,5
5440,5
5441,5
5442,5
5443,1
5444,9
5445,5
5446,5
5447,9
5448,5
5449,5
5450,8
5451,9
5452,5
5453,9
5454,1
5455,3
5456,8
5457,9
5458,1
5459,9
5460,5
5461,1
5462,1
5463,5
5464,9
5465,4
5466,9
5467,7
5468,5
5469,3
5470,5
5471,9
5472,1
5473,3
5474,5
5475,9
5476,5
5477,5
5478,1
5479,5
5480,3
5481,0
5482,6
5483,7
5484,0
5485,5
5486,7
5487,1
5488,2
5489,5
5490,3
5491,1
5492,5
5493,3
5494,5
5495,3
5496,5
5497,7
5498,5
5499,7
5500,1
5501,4
5502,5
5503,8
5504,9
5505,3
5506,8
5507,3
5508,5
5509,3
5510,9
5511,8
5512,6
5513,9
5514,8
5515,3
5516,5
5517,3
5518,9
5519,3
5520,2
5521,3
5522,8
5523,8
5524,9
5525,3
5526,9
5527,9
5528,9
5529,5
5530,8
5531,8
5532,8
5533,5
5534,5
5535,1
5536,3
5537,3
5538,5
5539,8
5540,2
5541,7
5542,8
5543,3
5544,8
5545,5
5546,3
5547,5
5548,8
5549,8
5550,9
5551,3
5552,9
5553,5
5554,3
5555,8
5556,3
5557,9
5558,8
5559,5
5560,9
5561,5
5562,9
5563,8
5564,7
5565,5
5566,9
5567,1
5568,5
5569,5
5570,5
5571,3
5572,8
5573,8
5574,3
5575,3
5576,9
5577,7
5578,5
5579,3
5580,5
5581,9
5582,5
5583,9
5584,9
5585,8
5586,3
5587,3
5588,5
5589,6
5590,5
5591,3
5592,5
5593,8
5594,0
5595,5
5596,6
5597,9
5598,5
5599,5
5600,5
5601,5
5602,5
5603,5
5604,9
5605,3
5606,5
5607,3
5608,5
5609,5
5610,5
5611,9
5612,3
5613,5
5614,5
5615,3
5616,3
5617,3
5618,5
5619,5
5620,5
5621,9
5622,5
5623,5
5624,8
5625,5
5626,3
5627,3
5628,5
5629,6
5630,5
5631,3
5632,5
5633,9
5634,5
5635,3
5636,5
5637,5
5638,6
5639,5
5640,3
5641,9
5642,5
5643,6
5644,2
5645,5
5646,5
5647,1
5648,5
5649,5
5650,5
5651,5
5652,3
5653,8
5654,8
5655,5
5656,5
5657,5
5658,5
5659,5
5660,8
5661,5
5662,5
5663,3
5664,5
5665,5
5666,5
5667,1
5668,8
5669,5
5670,8
5671,9
5672,5
5673,9
5674,8
5675,9
5676,5
5677,7
5678,6
5679,5
5680,3
5681,5
5682,5
5683,5
5684,5
5685,8
5686,8
5687,8
5688,5
5689,5
5690,7
5691,5
5692,5
5693,5
5694,5
5695,5
5696,8
5697,9
5698,5
5699,5
5700,7
5701,3
5702,5
5703,5
5704,1
5705,9
5706,5
5707,5
5708,9
5709,3
5710,5
5711,5
5712,5
5713,5
5714,9
5715,5
5716,5
5717,5
5718,8
5719,8
5720,9
5721,3
5722,8
5723,1
5724,2
5725,3
5726,4
5727,5
5728,6
5729,5
5730,5
5731,5
5732,9
5733,1
5734,8
5735,5
5736,3
5737,4
5738,0
5739,1
5740,2
5741,5
5742,5
5743,5
5744,6
5745,1
5746,9
5747,1
5748,3
5749,2
5750,1
5751,0
5752,7
5753,3
5754,5
5755,9
5756,5
5757,0
5758,5
5759,5
5760,1
5761,3
5762,2
5763,1
5764,2
5765,3
5766,8
5767,3
5768,2
5769,5
5770,5
5771,6
5772,3
5773,2
5774,9
5775,5
5776,5
5777,5
5778,4
5779,0
5780,5
5781,3
5782,5
5783,4
5784,1
5785,9
5786,2
5787,1
5788,9
5789,5
5790,7
5791,5
5792,5
5793,4
5794,6
5795,5
5796,7
5797,3
5798,3
5799,7
5800,5
5801,4
5802,5
5803,3
5804,3
5805,3
5806,9
5807,0
5808,5
5809,7
5810,1
5811,6
5812,1
5813,9
5814,9
5815,6
5816,9
5817,4
5818,4
5819,0
5820,6
5821,2
5822,6
5823,4
5824,2
5825,5
5826,2
5827,5
5828,5
5829,8
5830,9
5831,9
5832,6
5833,9
5834,3
5835,6
5836,9
5837,5
5838,9
5839,0
5840,1
5841,2
5842,5
5843,5
5844,8
5845,4
5846,7
5847,5
5848,0
5849,1
5850,8
5851,3
5852,9
5853,3
5854,6
5855,5
5856,9
5857,4
5858,5
5859,5
5860,3
5861,3
5862,5
5863,3
5864,8
5865,5
5866,9
5867,9
5868,3
5869,5
5870,4
5871,9
5872,5
5873,1
5874,1
5875,3
5876,5
5877,5
5878,6
5879,3
5880,8
5881,3
5882,3
5883,3
5884,8
5885,5
5886,3
5887,6
5888,5
5889,5
5890,3
5891,5
5892,6
5893,3
5894,6
5895,9
5896,6
5897,7
5898,9
5899,5
5900,5
5901,9
5902,6
5903,1
5904,5
5905,9
5906,5
5907,5
5908,3
5909,9
5910,6
5911,3
5912,5
5913,0
5914,3
5915,9
5916,5
5917,6
5918,3
5919,8
5920,5
5921,6
5922,3
5923,5
5924,9
5925,5
5926,3
5927,5
5928,4
5929,5
5930,8
5931,8
5932,5
5933,8
5934,3
5935,5
5936,5
5937,5
5938,3
5939,5
5940,9
5941,5
5942,9
5943,9
5944,5
5945,5
5946,3
5947,5
5948,5
5949,5
5950,5
5951,5
5952,5
5953,8
5954,3
5955,5
5956,5
5957,5
5958,5
5959,5
5960,9
5961,5
5962,5
5963,8
5964,5
5965,5
5966,9
5967,5
5968,5
5969,5
5970,9
5971,3
5972,5
5973,5
5974,3
5975,5
5976,3
5977,5
5978,9
5979,3
5980,9
5981,9
5982,5
5983,5
5984,5
5985,3
5986,3
5987,5
5988,5
5989,5
5990,5
5991,8
5992,3
5993,5
5994,8
5995,5
5996,5
5997,9
5998,9
5999,9
6000,5
6001,5
6002,5
6003,5
6004,9
6005,5
6006,3
6007,3
6008,5
6009,3
6010,3
6011,5
6012,5
6013,6
6014,5
6015,5
6016,5
6017,9
6018,5
6019,5
6020,3
6021,5
6022,9
6023,4
6024,5
6025,5
6026,1
6027,3
6028,5
6029,9
6030,5
6031,3
6032,5
6033,5
6034,5
6035,5
6036,5
6037,5
6038,5
6039,5
6040,5
6041,5
6042,1
6043,1
6044,5
6045,3
6046,3
6047,3
6048,3
6049,9
6050,5
6051,9
6052,5
6053,5
6054,3
6055,3
6056,5
6057,5
6058,5
6059,6
6060,5
6061,6
6062,3
6063,9
6064,5
6065,8
6066,5
6067,5
6068,5
6069,4
6070,9
6071,8
6072,3
6073,9
6074,5
6075,8
6076,3
6077,4
6078,9
6079,5
6080,9
6081,8
6082,9
6083,5
6084,3
6085,5
6086,9
6087,5
6088,5
6089,5
6090,9
6091,8
6092,9
6093,3
6094,3
6095,5
6096,5
6097,9
6098,9
6099,7
6100,9
6101,9
6102,1
6103,4
6104,9
6105,5
6106,7
6107,5
6108,9
6109,1
6110,5
6111,1
6112,5
6113,9
6114,5
6115,0
6116,5
6117,9
6118,0
6119,5
6120,7
6121,5
6122,5
6123,5
6124,8
6125,9
6126,3
6127,9
6128,9
6129,5
6130,8
6131,5
6132,0
6133,3
6134,9
6135,5
6136,1
6137,5
6138,5
6139,4
6140,3
6141,5
6142,5
6143,5
6144,5
6145,9
6146,5
6147,5
6148,9
6149,5
6150,7
6151,8
6152,9
6153,9
6154,8
6155,5
6156,5
6157,5
6158,9
6159,5
6160,1
6161,8
6162,8
6163,3
6164,9
6165,9
6166,5
6167,3
6168,5
6169,3
6170,4
6171,7
6172,7
6173,9
6174,9
6175,5
6176,5
6177,4
6178,3
6179,8
6180,5
6181,5
6182,9
6183,1
6184,2
6185,3
6186,5
6187,5
6188,5
6189,7
6190,5
6191,5
6192,0
6193,1
6194,2
6195,3
6196,4
6197,5
6198,5
6199,5
6200,8
6201,4
6202,0
6203,1
6204,2
6205,3
6206,5
6207,3
6208,5
6209,7
6210,3
6211,9
6212,0
6213,5
6214,3
6215,9
6216,5
6217,5
6218,2
6219,5
6220,5
6221,4
6222,9
6223,1
6224,9
6225,5
6226,2
6227,3
6228,5
6229,5
6230,6
6231,5
6232,1
6233,1
6234,1
6235,9
6236,9
6237,3
6238,5
6239,8
6240,1
6241,2
6242,9
6243,5
6244,5
6245,5
6246,3
6247,2
6248,9
6249,8
6250,9
6251,0
6252,5
6253,5
6254,7
6255,1
6256,3
6257,4
6258,5
6259,6
6260,8
6261,3
6262,5
6263,5
6264,9
6265,0
6266,5
6267,2
6268,7
6269,4
6270,9
6271,9
6272,4
6273,3
6274,5
6275,8
6276,5
6277,1
6278,5
6279,1
6280,8
6281,8
6282,2
6283,5
6284,5
6285,5
6286,3
6287,0
6288,0
6289,0
6290,3
6291,3
6292,5
6293,9
6294,0
6295,5
6296,5
6297,5
6298,3
6299,6
6300,3
6301,4
6302,5
6303,5
6304,9
6305,9
6306,5
6307,7
6308,7
6309,1
6310,0
6311,1
6312,2
6313,5
6314,4
6315,8
6316,5
6317,9
6318,8
6319,5
6320,8
6321,1
6322,2
6323,5
6324,4
6325,5
6326,5
6327,9
6328,8
6329,0
6330,1
6331,2
6332,6
6333,4
6334,3
6335,5
6336,9
6337,8
6338,2
6339,3
6340,9
6341,2
6342,5
6343,8
6344,8
6345,9
6346,2
6347,5
6348,5
6349,5
6350,3
6351,5
6352,6
6353,2
6354,9
6355,5
6356,5
6357,1
6358,5
6359,5
6360,8
6361,9
6362,7
6363,5
6364,9
6365,9
6366,3
6367,9
6368,4
6369,3
6370,4
6371,5
6372,5
6373,5
6374,9
6375,1
6376,3
6377,5
6378,9
6379,9
6380,5
6381,9
6382,3
6383,3
6384,8
6385,5
6386,6
6387,5
6388,9
6389,5
6390,5
6391,5
6392,5
6393,5
6394,5
6395,5
6396,9
6397,5
6398,3
6399,9
6400,5
6401,2
6402,5
6403,5
6404,8
6405,8
6406,5
6407,5
6408,5
6409,6
6410,5
6411,5
6412,5
6413,8
6414,3
6415,5
6416,9
6417,9
6418,5
6419,9
6420,3
6421,5
6422,5
6423,5
6424,5
6425,0
6426,5
6427,0
6428,5
6429,6
6430,8
6431,1
6432,2
6433,9
6434,5
6435,5
6436,8
6437,5
6438,0
6439,1
6440,2
6441,3
6442,5
6443,8
6444,5
6445,0
6446,1
6447,2
6448,3
6449,5
6450,5
6451,5
6452,9
6453,5
6454,3
6455,0
6456,3
6457,1
6458,8
6459,5
6460,0
6461,5
6462,0
6463,2
6464,5
6465,5
6466,3
6467,3
6468,5
6469,1
6470,2
6471,9
6472,7
6473,1
6474,9
6475,5
6476,5
6477,9
6478,5
6479,0
6480,6
6481,8
6482,3
6483,1
6484,5
6485,1
6486,8
6487,5
6488,5
6489,5
6490,0
6491,5
6492,5
6493,5
6494,8
6495,3
6496,5
6497,9
6498,2
6499,6
6500,2
6501,9
6502,3
6503,1
6504,5
6505,3
6506,5
6507,1
6508,5
6509,9
6510,6
6511,0
6512,3
6513,5
6514,2
6515,8
6516,1
6517,5
6518,6
6519,5
6520,2
6521,5
6522,2
6523,5
6524,1
6525,5
6526,9
6527,9
6528,1
6529,2
6530,4
6531,7
6532,4
6533,9
6534,1
6535,2
6536,9
6537,4
6538,9
6539,2
6540,7
6541,3
6542,9
6543,5
6544,4
6545,3
6546,1
6547,1
6548,4
6549,5
6550,6
6551,6
6552,3
6553,4
6554,5
6555,8
6556,5
6557,1
6558,0
6559,6
6560,4
6561,5
6562,7
6563,1
6564,3
6565,7
6566,5
6567,5
6568,5
6569,9
6570,9
6571,3
6572,9
6573,1
6574,3
6575,4
6576,3
6577,7
6578,1
6579,5
6580,4
6581,8
6582,9
6583,5
6584,9
6585,1
6586,5
6587,7
6588,5
6589,9
6590,7
6591,9
6592,5
6593,5
6594,3
6595,2
6596,5
6597,5
6598,9
6599,6
6600,7
6601,5
6602,1
6603,8
6604,4
6605,1
6606,6
6607,9
6608,2
6609,5
6610,7
6611,5
6612,5
6613,5
6614,4
6615,3
6616,5
6617,2
6618,5
6619,1
6620,9
6621,5
6622,9
6623,1
6624,5
6625,5
6626,5
6627,5
6628,5
6629,7
6630,8
6631,5
6632,5
6633,9
6634,0
6635,1
6636,2
6637,8
6638,5
6639,5
6640,6
6641,7
6642,5
6643,5
6644,5
6645,1
6646,2
6647,3
6648,5
6649,7
6650,9
6651,9
6652,5
6653,3
6654,7
6655,5
6656,5
6657,9
6658,9
6659,5
6660,5
6661,5
6662,2
6663,1
6664,7
6665,9
6666,9
6667,7
6668,5
6669,0
6670,5
6671,1
6672,5
6673,5
6674,1
6675,7
6676,5
6677,3
6678,9
6679,1
6680,7
6681,1
6682,3
6683,5
6684,1
6685,7
6686,6
6687,9
6688,5
6689,5
6690,5
6691,8
6692,0
6693,7
6694,5
6695,5
6696,5
6697,5
6698,7
6699,5
6700,5
6701,5
6702,0
6703,5
6704,2
6705,3
6706,5
6707,7
6708,6
6709,7
6710,9
6711,5
6712,0
6713,1
6714,2
6715,3
6716,5
6717,5
6718,6
6719,5
6720,0
6721,1
6722,4
6723,5
6724,5
6725,5
6726,1
6727,1
6728,5
6729,5
6730,1
6731,5
6732,7
6733,9
6734,1
6735,4
6736,5
6737,3
6738,5
6739,5
6740,1
6741,9
6742,5
6743,5
6744,1
6745,5
6746,3
6747,5
6748,5
6749,1
6750,8
6751,9
6752,1
6753,0
6754,0
6755,9
6756,1
6757,1
6758,1
6759,1
6760,4
6761,0
6762,5
6763,1
6764,3
6765,9
6766,5
6767,0
6768,3
6769,2
6770,4
6771,0
6772,6
6773,5
6774,2
6775,5
6776,6
6777,5
6778,5
6779,5
6780,0
6781,4
6782,0
6783,0
6784,1
6785,5
6786,4
6787,0
6788,1
6789,5
6790,1
6791,1
6792,7
6793,6
6794,5
6795,3
6796,0
6797,9
6798,2
6799,8
6800,5
6801,8
6802,3
6803,9
6804,3
6805,5
6806,7
6807,5
6808,5
6809,8
6810,7
6811,5
6812,3
6813,5
6814,5
6815,5
6816,9
6817,8
6818,5
6819,8
6820,5
6821,5
6822,3
6823,5
6824,5
6825,5
6826,7
6827,5
6828,5
6829,1
6830,5
6831,7
6832,3
6833,8
6834,8
6835,5
6836,8
6837,6
6838,7
6839,5
6840,5
6841,6
6842,9
6843,5
6844,9
6845,8
6846,9
6847,5
6848,4
6849,3
6850,5
6851,5
6852,5
6853,9
6854,9
6855,5
6856,9
6857,9
6858,3
6859,9
6860,5
6861,5
6862,4
6863,3
6864,3
6865,5
6866,4
6867,8
6868,5
6869,1
6870,3
6871,4
6872,7
6873,5
6874,3
6875,7
6876,3
6877,3
6878,8
6879,6
6880,5
6881,5
6882,5
6883,3
6884,6
6885,5
6886,6
6887,6
6888,5
6889,5
6890,5
6891,4
6892,3
6893,8
6894,5
6895,5
6896,5
6897,5
6898,5
6899,5
6900,5
6901,5
6902,5
6903,3
6904,5
6905,9
6906,5
6907,2
6908,3
6909,5
6910,9
6911,5
6912,4
6913,1
6914,5
6915,5
6916,9
6917,5
6918,5
6919,3
6920,5
6921,3
6922,8
6923,5
6924,9
6925,5
6926,9
6927,4
6928,5
6929,1
6930,9
6931,3
6932,5
6933,9
6934,5
6935,7
6936,5
6937,5
6938,0
6939,1
6940,5
6941,3
6942,5
6943,3
6944,6
6945,9
6946,5
6947,9
6948,8
6949,1
6950,2
6951,3
6952,5
6953,5
6954,5
6955,7
6956,3
6957,9
6958,3
6959,5
6960,0
6961,7
6962,5
6963,5
6964,7
6965,3
6966,3
6967,5
6968,5
6969,0
6970,1
6971,6
6972,0
6973,5
6974,3
6975,5
6976,3
6977,1
6978,9
6979,5
6980,9
6981,5
6982,6
6983,3
6984,5
6985,5
6986,3
6987,7
6988,5
6989,5
6990,2
6991,5
6992,9
6993,9
6994,8
6995,6
6996,5
6997,5
6998,5
6999,5
7000,5
7001,1
7002,1
7003,8
7004,3
7005,9
7006,1
7007,3
7008,2
7009,4
7010,5
7011,9
7012,5
7013,2
7014,2
7015,1
7016,5
7017,5
7018,5
7019,3
7020,5
7021,5
7022,7
7023,2
7024,1
7025,3
7026,5
7027,3
7028,5
7029,3
7030,3
7031,7
7032,0
7033,5
7034,5
7035,8
7036,3
7037,5
7038,0
7039,5
7040,5
7041,3
7042,7
7043,5
7044,5
7045,7
7046,5
7047,1
7048,5
7049,1
7050,6
7051,5
7052,6
7053,0
7054,1
7055,5
7056,9
7057,5
7058,5
7059,5
7060,7
7061,5
7062,5
7063,0
7064,5
7065,9
7066,3
7067,5
7068,5
7069,6
7070,7
7071,5
7072,5
7073,5
7074,5
7075,1
7076,3
7077,5
7078,5
7079,5
7080,7
7081,5
7082,5
7083,7
7084,5
7085,9
7086,5
7087,0
7088,1
7089,7
7090,5
7091,8
7092,1
7093,5
7094,1
7095,5
7096,5
7097,5
7098,3
7099,7
7100,5
7101,9
7102,5
7103,5
7104,3
7105,9
7106,5
7107,5
7108,9
7109,9
7110,5
7111,5
7112,7
7113,0
7114,6
7115,3
7116,9
7117,6
7118,8
7119,5
7120,3
7121,2
7122,5
7123,5
7124,1
7125,7
7126,5
7127,5
7128,5
7129,9
7130,0
7131,9
7132,3
7133,5
7134,9
7135,9
7136,4
7137,5
7138,5
7139,1
7140,0
7141,3
7142,7
7143,9
7144,5
7145,7
7146,7
7147,5
7148,8
7149,5
7150,7
7151,1
7152,2
7153,6
7154,5
7155,2
7156,5
7157,2
7158,3
7159,6
7160,6
7161,9
7162,6
7163,3
7164,1
7165,5
7166,1
7167,6
7168,1
7169,0
7170,5
7171,3
7172,1
7173,6
7174,1
7175,5
7176,8
7177,1
7178,5
7179,6
7180,2
7181,7
7182,5
7183,4
7184,1
7185,5
7186,3
7187,5
7188,5
7189,6
7190,9
7191,9
7192,1
7193,2
7194,3
7195,5
7196,5
7197,5
7198,9
7199,9
7200,9
7201,9
7202,1
7203,9
7204,0
7205,7
7206,2
7207,5
7208,3
7209,5
7210,5
7211,0
7212,3
7213,9
7214,2
7215,3
7216,3
7217,6
7218,1
7219,5
7220,9
7221,9
7222,0
7223,3
7224,7
7225,9
7226,0
7227,1
7228,5
7229,1
7230,4
7231,7
7232,0
7233,3
7234,9
7235,8
7236,9
7237,5
7238,5
7239,7
7240,5
7241,5
7242,1
7243,9
7244,7
7245,9
7246,2
7247,9
7248,1
7249,1
7250,5
7251,3
7252,5
7253,3
7254,1
7255,9
7256,0
7257,9
7258,3
7259,6
7260,5
7261,7
7262,0
7263,5
7264,0
7265,5
7266,9
7267,2
7268,7
7269,7
7270,0
7271,1
7272,2
7273,3
7274,5
7275,3
7276,6
7277,7
7278,5
7279,5
7280,9
7281,3
7282,2
7283,3
7284,5
7285,9
7286,5
7287,5
7288,3
7289,5
7290,9
7291,5
7292,5
7293,3
7294,5
7295,3
7296,5
7297,5
7298,3
7299,5
7300,1
7301,5
7302,5
7303,5
7304,3
7305,3
7306,5
7307,5
7308,9
7309,2
7310,5
7311,5
7312,3
7313,5
7314,5
7315,5
7316,9
7317,5
7318,9
7319,9
7320,1
7321,5
7322,2
7323,5
7324,3
7325,5
7326,1
7327,3
7328,2
7329,2
7330,3
7331,9
7332,5
7333,5
7334,5
7335,7
7336,5
7337,5
7338,9
7339,5
7340,5
7341,1
7342,5
7343,9
7344,6
7345,5
7346,1
7347,5
7348,5
7349,1
7350,5
7351,3
7352,3
7353,3
7354,1
7355,6
7356,9
7357,7
7358,5
7359,6
7360,5
7361,5
7362,5
7363,7
7364,5
7365,5
7366,3
7367,5
7368,0
7369,0
7370,5
7371,9
7372,9
7373,3
7374,1
7375,3
7376,7
7377,5
7378,5
7379,9
7380,5
7381,5
7382,5
7383,5
7384,5
7385,5
7386,0
7387,2
7388,6
7389,5
7390,5
7391,7
7392,5
7393,7
7394,3
7395,5
7396,1
7397,3
7398,5
7399,3
7400,1
7401,1
7402,6
7403,5
7404,3
7405,6
7406,1
7407,2
7408,3
7409,2
7410,5
7411,9
7412,1
7413,1
7414,5
7415,5
7416,6
7417,7
7418,3
7419,1
7420,1
7421,2
7422,5
7423,1
7424,5
7425,1
7426,5
7427,5
7428,6
7429,8
7430,4
7431,1
7432,3
7433,1
7434,1
7435,1
7436,3
7437,9
7438,1
7439,5
7440,7
7441,3
7442,6
7443,1
7444,5
7445,3
7446,2
7447,5
7448,8
7449,6
7450,5
7451,5
7452,1
7453,5
7454,1
7455,5
7456,3
7457,2
7458,2
7459,3
7460,5
7461,7
7462,6
7463,5
7464,1
7465,5
7466,0
7467,5
7468,7
7469,5
7470,1
7471,3
7472,5
7473,7
7474,5
7475,5
7476,3
7477,3
7478,7
7479,5
7480,3
7481,1
7482,3
7483,2
7484,8
7485,9
7486,0
7487,2
7488,5
7489,4
7490,5
7491,2
7492,5
7493,3
7494,9
7495,5
7496,7
7497,5
7498,8
7499,6
7500,5
7501,5
7502,3
7503,3
7504,6
7505,1
7506,5
7507,0
7508,1
7509,5
7510,3
7511,5
7512,5
7513,6
7514,5
7515,8
7516,9
7517,0
7518,1
7519,8
7520,3
7521,4
7522,3
7523,6
7524,5
7525,0
7526,5
7527,0
7528,1
7529,5
7530,3
7531,5
7532,5
7533,6
7534,7
7535,8
7536,7
7537,9
7538,0
7539,7
7540,5
7541,6
7542,3
7543,3
7544,3
7545,7
7546,5
7547,6
7548,6
7549,6
7550,6
7551,5
7552,3
7553,9
7554,3
7555,3
7556,9
7557,1
7558,9
7559,5
7560,5
7561,5
7562,1
7563,7
7564,1
7565,5
7566,5
7567,0
7568,1
7569,9
7570,5
7571,5
7572,5
7573,9
7574,7
7575,5
7576,5
7577,6
7578,5
7579,3
7580,5
7581,5
7582,1
7583,1
7584,5
7585,5
7586,6
7587,8
7588,8
7589,5
7590,5
7591,3
7592,1
7593,5
7594,0
7595,9
7596,9
7597,6
7598,5
7599,7
7600,9
7601,1
7602,0
7603,5
7604,5
7605,8
7606,7
7607,7
7608,8
7609,3
7610,9
7611,5
7612,4
7613,5
7614,5
7615,7
7616,5
7617,9
7618,8
7619,6
7620,8
7621,5
7622,4
7623,8
7624,3
7625,2
7626,8
7627,5
7628,9
7629,5
7630,2
7631,5
7632,5
7633,9
7634,3
7635,5
7636,5
7637,3
7638,8
7639,3
7640,5
7641,5
7642,5
7643,3
7644,3
7645,9
7646,7
7647,8
7648,7
7649,7
7650,5
7651,9
7652,5
7653,5
7654,4
7655,7
7656,0
7657,5
7658,9
7659,5
7660,8
7661,5
7662,1
7663,4
7664,3
7665,4
7666,5
7667,5
7668,9
7669,6
7670,4
7671,6
7672,2
7673,5
7674,5
7675,3
7676,3
7677,5
7678,7
7679,5
7680,5
7681,5
7682,5
7683,5
7684,3
7685,5
7686,3
7687,3
7688,3
7689,8
7690,5
7691,5
7692,5
7693,3
7694,9
7695,5
7696,9
7697,4
7698,5
7699,5
7700,8
7701,5
7702,7
7703,8
7704,8
7705,5
7706,5
7707,8
7708,5
7709,1
7710,5
7711,9
7712,4
7713,5
7714,9
7715,5
7716,8
7717,3
7718,5
7719,9
7720,5
7721,5
7722,4
7723,1
7724,8
7725,5
7726,1
7727,4
7728,0
7729,1
7730,5
7731,3
7732,5
7733,5
7734,5
7735,7
7736,5
7737,1
7738,0
7739,1
7740,2
7741,3
7742,4
7743,5
7744,6
7745,7
7746,5
7747,5
7748,9
7749,1
7750,2
7751,3
7752,4
7753,5
7754,5
7755,7
7756,5
7757,7
7758,5
7759,5
7760,5
7761,5
7762,5
7763,2
7764,3
7765,5
7766,5
7767,5
7768,8
7769,6
7770,5
7771,5
7772,3
7773,2
7774,2
7775,5
7776,5
7777,5
7778,3
7779,5
7780,5
7781,9
7782,8
7783,9
7784,1
7785,1
7786,2
7787,5
7788,5
7789,5
7790,2
7791,1
7792,9
7793,5
7794,5
7795,8
7796,5
7797,7
7798,5
7799,3
7800,5
7801,6
7802,9
7803,1
7804,5
7805,3
7806,5
7807,1
7808,5
7809,5
7810,5
7811,0
7812,1
7813,1
7814,5
7815,9
7816,2
7817,5
7818,9
7819,5
7820,5
7821,5
7822,6
7823,1
7824,3
7825,5
7826,7
7827,5
7828,4
7829,5
7830,3
7831,5
7832,3
7833,1
7834,5
7835,5
7836,0
7837,5
7838,5
7839,9
7840,1
7841,9
7842,3
7843,5
7844,5
7845,5
7846,5
7847,0
7848,1
7849,5
7850,7
7851,5
7852,9
7853,7
7854,5
7855,5
7856,9
7857,1
7858,9
7859,5
7860,5
7861,5
7862,7
7863,3
7864,5
7865,5
7866,5
7867,0
7868,5
7869,9
7870,1
7871,7
7872,5
7873,5
7874,0
7875,5
7876,1
7877,5
7878,7
7879,5
7880,5
7881,6
7882,1
7883,0
7884,5
7885,5
7886,4
7887,9
7888,0
7889,5
7890,9
7891,1
7892,5
7893,9
7894,3
7895,9
7896,5
7897,1
7898,5
7899,9
7900,1
7901,1
7902,5
7903,5
7904,5
7905,5
7906,5
7907,5
7908,9
7909,7
7910,5
7911,5
7912,1
7913,7
7914,0
7915,5
7916,5
7917,1
7918,9
7919,1
7920,5
7921,1
7922,5
7923,9
7924,5
7925,5
7926,5
7927,5
7928,7
7929,1
7930,5
7931,5
7932,5
7933,5
7934,0
7935,5
7936,1
7937,3
7938,5
7939,5
7940,5
7941,7
7942,5
7943,5
7944,9
7945,1
7946,5
7947,5
7948,5
7949,9
7950,5
7951,7
7952,5
7953,5
7954,8
7955,1
7956,5
7957,3
7958,5
7959,5
7960,5
7961,7
7962,5
7963,5
7964,5
7965,5
7966,5
7967,7
7968,0
7969,3
7970,1
7971,6
7972,5
7973,5
7974,1
7975,5
7976,5
7977,5
7978,5
7979,7
7980,5
7981,1
7982,3
7983,5
7984,3
7985,5
7986,7
7987,1
7988,0
7989,5
7990,0
7991,1
7992,5
7993,5
7994,3
7995,5
7996,3
7997,5
7998,5
7999,7
8000,5
8001,5
8002,9
8003,7
8004,1
8005,1
8006,1
8007,5
8008,0
8009,1
8010,3
8011,8
8012,5
8013,5
8014,5
8015,3
8016,5
8017,0
8018,5
8019,5
8020,5
8021,5
8022,0
8023,1
8024,9
8025,5
8026,5
8027,3
8028,5
8029,5
8030,9
8031,7
8032,5
8033,3
8034,5
8035,5
8036,5
8037,5
8038,9
8039,5
8040,5
8041,5
8042,5
8043,6
8044,1
8045,7
8046,1
8047,5
8048,5
8049,1
8050,9
8051,3
8052,5
8053,7
8054,9
8055,5
8056,0
8057,9
8058,0
8059,5
8060,3
8061,3
8062,5
8063,8
8064,1
8065,5
8066,5
8067,5
8068,0
8069,5
8070,3
8071,3
8072,5
8073,3
8074,5
8075,7
8076,9
8077,5
8078,5
8079,3
8080,3
8081,3
8082,5
8083,5
8084,5
8085,9
8086,0
8087,5
8088,3
8089,5
8090,3
8091,5
8092,5
8093,5
8094,5
8095,3
8096,5
8097,5
8098,9
8099,0
8100,1
8101,1
8102,5
8103,3
8104,6
8105,9
8106,5
8107,1
8108,5
8109,5
8110,5
8111,5
8112,0
8113,3
8114,5
8115,5
8116,5
8117,5
8118,8
8119,1
8120,9
8121,3
8122,5
8123,5
8124,5
8125,7
8126,3
8127,4
8128,8
8129,1
8130,5
8131,3
8132,5
8133,5
8134,5
8135,7
8136,5
8137,9
8138,0
8139,1
8140,2
8141,3
8142,7
8143,5
8144,9
8145,2
8146,5
8147,5
8148,8
8149,5
8150,5
8151,9
8152,7
8153,0
8154,8
8155,5
8156,5
8157,5
8158,5
8159,5
8160,1
8161,5
8162,2
8163,3
8164,9
8165,1
8166,9
8167,1
8168,3
8169,5
8170,5
8171,5
8172,5
8173,0
8174,7
8175,8
8176,7
8177,5
8178,5
8179,4
8180,0
8181,5
8182,5
8183,5
8184,5
8185,5
8186,5
8187,5
8188,1
8189,7
8190,4
8191,7
8192,6
8193,5
8194,5
8195,0
8196,5
8197,8
8198,5
8199,9
8200,5
8201,5
8202,3
8203,7
8204,7
8205,5
8206,5
8207,3
8208,9
8209,8
8210,8
8211,5
8212,5
8213,0
8214,9
8215,5
8216,5
8217,5
8218,5
8219,7
8220,1
8221,5
8222,0
8223,5
8224,5
8225,9
8226,5
8227,3
8228,5
8229,5
8230,5
8231,4
8232,5
8233,5
8234,1
8235,7
8236,4
8237,6
8238,5
8239,2
8240,1
8241,0
8242,8
8243,3
8244,9
8245,5
8246,9
8247,5
8248,4
8249,7
8250,5
8251,5
8252,9
8253,1
8254,1
8255,3
8256,1
8257,6
8258,7
8259,5
8260,9
8261,9
8262,1
8263,9
8264,3
8265,5
8266,7
8267,5
8268,9
8269,5
8270,5
8271,5
8272,3
8273,9
8274,9
8275,9
8276,5
8277,1
8278,9
8279,9
8280,5
8281,5
8282,6
8283,7
8284,9
8285,9
8286,7
8287,1
8288,6
8289,5
8290,1
8291,3
8292,6
8293,2
8294,5
8295,5
8296,2
8297,3
8298,5
8299,5
8300,5
8301,5
8302,5
8303,7
8304,1
8305,3
8306,1
8307,1
8308,0
8309,3
8310,5
8311,5
8312,5
8313,5
8314,7
8315,1
8316,2
8317,1
8318,5
8319,9
8320,5
8321,1
8322,9
8323,9
8324,9
8325,1
8326,6
8327,6
8328,5
8329,3
8330,5
8331,5
8332,5
8333,9
8334,5
8335,5
8336,0
8337,6
8338,3
8339,0
8340,4
8341,1
8342,5
8343,0
8344,0
8345,1
8346,5
8347,3
8348,4
8349,9
8350,5
8351,7
8352,9
8353,1
8354,9
8355,3
8356,4
8357,5
8358,9
8359,5
8360,0
8361,1
8362,1
8363,9
8364,4
8365,7
8366,2
8367,9
8368,1
8369,6
8370,5
8371,3
8372,9
8373,5
8374,9
8375,9
8376,5
8377,1
8378,6
8379,5
8380,5
8381,5
8382,5
8383,9
8384,4
8385,5
8386,6
8387,5
8388,5
8389,5
8390,5
8391,3
8392,5
8393,5
8394,3
8395,2
8396,5
8397,1
8398,0
8399,7
8400,6
8401,4
8402,7
8403,5
8404,5
8405,9
8406,9
8407,4
8408,8
8409,1
8410,8
8411,5
8412,3
8413,5
8414,5
8415,0
8416,5
8417,9
8418,5
8419,1
8420,9
8421,1
8422,7
8423,5
8424,6
8425,2
8426,0
8427,9
8428,1
8429,5
8430,3
8431,8
8432,9
8433,1
8434,6
8435,4
8436,1
8437,4
8438,3
8439,2
8440,1
8441,5
8442,5
8443,5
8444,1
8445,5
8446,5
8447,5
8448,5
8449,8
8450,3
8451,2
8452,3
8453,9
8454,9
8455,5
8456,9
8457,8
8458,9
8459,9
8460,5
8461,5
8462,3
8463,5
8464,5
8465,5
8466,9
8467,8
8468,9
8469,8
8470,5
8471,5
8472,3
8473,5
8474,3
8475,5
8476,7
8477,5
8478,9
8479,5
8480,5
8481,7
8482,8
8483,2
8484,3
8485,9
8486,5
8487,5
8488,5
8489,1
8490,3
8491,5
8492,3
8493,4
8494,5
8495,3
8496,5
8497,0
8498,5
8499,5
8500,5
8501,5
8502,0
8503,5
8504,5
8505,5
8506,9
8507,5
8508,5
8509,3
8510,5
8511,9
8512,9
8513,5
8514,9
8515,8
8516,5
8517,5
8518,5
8519,3
8520,5
8521,9
8522,9
8523,5
8524,5
8525,5
8526,5
8527,5
8528,5
8529,8
8530,4
8531,5
8532,3
8533,5
8534,3
8535,9
8536,8
8537,3
8538,5
8539,5
8540,5
8541,3
8542,5
8543,6
8544,3
8545,0
8546,3
8547,6
8548,5
8549,8
8550,3
8551,5
8552,5
8553,9
8554,9
8555,5
8556,9
8557,5
8558,4
8559,8
8560,1
8561,2
8562,9
8563,9
8564,5
8565,9
8566,9
8567,5
8568,8
8569,3
8570,5
8571,8
8572,8
8573,5
8574,2
8575,5
8576,3
8577,8
8578,5
8579,8
8580,9
8581,6
8582,5
8583,9
8584,4
8585,0
8586,5
8587,5
8588,8
8589,4
8590,9
8591,5
8592,9
8593,2
8594,9
8595,5
8596,8
8597,9
8598,3
8599,3
8600,4
8601,1
8602,8
8603,3
8604,3
8605,1
8606,5
8607,5
8608,3
8609,1
8610,5
8611,4
8612,8
8613,2
8614,9
8615,8
8616,3
8617,5
8618,7
8619,5
8620,8
8621,9
8622,5
8623,5
8624,5
8625,3
8626,2
8627,5
8628,4
8629,5
8630,8
8631,8
8632,9
8633,8
8634,5
8635,8
8636,5
8637,3
8638,2
8639,9
8640,3
8641,5
8642,9
8643,4
8644,8
8645,5
8646,8
8647,3
8648,5
8649,5
8650,5
8651,1
8652,9
8653,5
8654,8
8655,9
8656,8
8657,8
8658,5
8659,5
8660,5
8661,3
8662,5
8663,4
8664,5
8665,4
8666,8
8667,5
8668,5
8669,9
8670,9
8671,9
8672,0
8673,1
8674,8
8675,3
8676,4
8677,9
8678,5
8679,7
8680,5
8681,5
8682,0
8683,1
8684,8
8685,3
8686,4
8687,9
8688,6
8689,9
8690,5
8691,5
8692,9
8693,1
8694,2
8695,3
8696,5
8697,5
8698,5
8699,7
8700,5
8701,5
8702,3
8703,9
8704,3
8705,2
8706,5
8707,3
8708,2
8709,1
8710,5
8711,9
8712,5
8713,2
8714,3
8715,5
8716,1
8717,3
8718,5
8719,7
8720,5
8721,1
8722,2
8723,5
8724,5
8725,1
8726,5
8727,5
8728,7
8729,5
8730,1
8731,8
8732,0
8733,6
8734,7
8735,9
8736,5
8737,7
8738,9
8739,0
8740,5
8741,1
8742,5
8743,5
8744,5
8745,6
8746,1
8747,2
8748,9
8749,0
8750,7
8751,9
8752,9
8753,9
8754,3
8755,4
8756,5
8757,5
8758,5
8759,1
8760,5
8761,5
8762,9
8763,5
8764,5
8765,0
8766,9
8767,3
8768,5
8769,1
8770,6
8771,4
8772,5
8773,0
8774,5
8775,5
8776,5
8777,1
8778,3
8779,5
8780,5
8781,3
8782,5
8783,5
8784,9
8785,5
8786,3
8787,9
8788,5
8789,3
8790,5
8791,4
8792,7
8793,5
8794,2
8795,2
8796,5
8797,5
8798,9
8799,8
8800,1
8801,2
8802,3
8803,5
8804,9
8805,6
8806,7
8807,1
8808,5
8809,0
8810,1
8811,5
8812,3
8813,5
8814,5
8815,6
8816,7
8817,1
8818,5
8819,0
8820,1
8821,2
8822,3
8823,4
8824,5
8825,6
8826,7
8827,5
8828,5
8829,6
8830,5
8831,2
8832,6
8833,5
8834,7
8835,9
8836,5
8837,9
8838,9
8839,2
8840,5
8841,3
8842,5
8843,3
8844,5
8845,2
8846,5
8847,9
8848,5
8849,5
8850,9
8851,1
8852,9
8853,6
8854,5
8855,3
8856,5
8857,5
8858,8
8859,0
8860,0
8861,3
8862,5
8863,1
8864,5
8865,3
8866,9
8867,1
8868,3
8869,9
8870,5
8871,2
8872,7
8873,8
8874,1
8875,7
8876,1
8877,3
8878,8
8879,5
8880,5
8881,2
8882,5
8883,5
8884,7
8885,5
8886,1
8887,5
8888,1
8889,6
8890,9
8891,5
8892,7
8893,1
8894,5
8895,5
8896,0
8897,6
8898,5
8899,4
8900,9
8901,5
8902,6
8903,2
8904,3
8905,9
8906,1
8907,5
8908,2
8909,5
8910,5
8911,3
8912,7
8913,3
8914,0
8915,1
8916,2
8917,3
8918,5
8919,5
8920,8
8921,9
8922,0
8923,1
8924,9
8925,3
8926,5
8927,7
8928,5
8929,5
8930,0
8931,1
8932,7
8933,5
8934,9
8935,5
8936,9
8937,2
8938,6
8939,1
8940,3
8941,9
8942,5
8943,5
8944,2
8945,0
8946,5
8947,3
8948,5
8949,5
8950,9
8951,2
8952,0
8953,9
8954,5
8955,5
8956,5
8957,5
8958,3
8959,3
8960,7
8961,5
8962,5
8963,5
8964,5
8965,5
8966,5
8967,2
8968,6
8969,6
8970,2
8971,3
8972,1
8973,3
8974,2
8975,9
8976,9
8977,1
8978,9
8979,0
8980,5
8981,8
8982,3
8983,5
8984,5
8985,7
8986,8
8987,1
8988,5
8989,1
8990,5
8991,6
8992,8
8993,0
8994,5
8995,9
8996,1
8997,5
8998,6
8999,7
9000,0
9001,7
9002,5
9003,5
9004,5
9005,5
9006,5
9007,8
9008,3
9009,5
9010,8
9011,8
9012,9
9013,5
9014,1
9015,5
9016,9
9017,5
9018,2
9019,2
9020,1
9021,5
9022,6
9023,5
9024,9
9025,2
9026,5
9027,5
9028,3
9029,9
9030,0
9031,1
9032,9
9033,8
9034,5
9035,5
9036,5
9037,9
9038,0
9039,9
9040,1
9041,5
9042,5
9043,8
9044,8
9045,1
9046,3
9047,8
9048,4
9049,5
9050,1
9051,6
9052,1
9053,9
9054,6
9055,7
9056,5
9057,5
9058,5
9059,6
9060,3
9061,8
9062,3
9063,5
9064,9
9065,9
9066,5
9067,5
9068,9
9069,5
9070,9
9071,0
9072,5
9073,1
9074,9
9075,9
9076,9
9077,5
9078,9
9079,5
9080,4
9081,0
9082,5
9083,3
9084,3
9085,9
9086,5
9087,5
9088,9
9089,5
9090,5
9091,3
9092,5
9093,5
9094,9
9095,5
9096,9
9097,5
9098,5
9099,9
9100,9
9101,5
9102,7
9103,5
9104,5
9105,9
9106,9
9107,3
9108,5
9109,9
9110,9
9111,5
9112,5
9113,5
9114,5
9115,5
9116,3
9117,5
9118,3
9119,3
9120,9
9121,1
9122,1
9123,5
9124,3
9125,1
9126,3
9127,5
9128,6
9129,5
9130,8
9131,5
9132,1
9133,5
9134,9
9135,9
9136,5
9137,5
9138,9
9139,5
9140,5
9141,5
9142,5
9143,5
9144,5
9145,5
9146,3
9147,5
9148,9
9149,5
9150,5
9151,5
9152,9
9153,5
9154,5
9155,8
9156,5
9157,3
9158,8
9159,9
9160,5
9161,9
9162,5
9163,9
9164,5
9165,9
9166,5
9167,9
9168,9
9169,3
9170,9
9171,9
9172,3
9173,5
9174,5
9175,9
9176,3
9177,9
9178,3
9179,5
9180,0
9181,1
9182,8
9183,9
9184,5
9185,5
9186,6
9187,5
9188,5
9189,7
9190,0
9191,5
9192,8
9193,3
9194,1
9195,5
9196,5
9197,7
9198,5
9199,5
9200,0
9201,9
9202,2
9203,3
9204,5
9205,7
9206,5
9207,5
9208,6
9209,5
9210,5
9211,5
9212,7
9213,7
9214,9
9215,5
9216,5
9217,5
9218,3
9219,9
9220,3
9221,9
9222,9
9223,5
9224,0
9225,5
9226,3
9227,6
9228,3
9229,5
9230,3
9231,8
9232,3
9233,5
9234,1
9235,5
9236,3
9237,0
9238,5
9239,9
9240,0
9241,0
9242,1
9243,7
9244,9
9245,5
9246,7
9247,8
9248,5
9249,7
9250,3
9251,5
9252,6
9253,5
9254,5
9255,5
9256,5
9257,6
9258,7
9259,1
9260,8
9261,5
9262,3
9263,7
9264,5
9265,8
9266,3
9267,2
9268,4
9269,5
9270,6
9271,9
9272,5
9273,9
9274,8
9275,6
9276,3
9277,4
9278,9
9279,5
9280,9
9281,8
9282,0
9283,3
9284,5
9285,4
9286,9
9287,5
9288,5
9289,7
9290,5
9291,5
9292,3
9293,5
9294,5
9295,9
9296,1
9297,0
9298,0
9299,5
9300,5
9301,9
9302,3
9303,9
9304,3
9305,9
9306,3
9307,4
9308,8
9309,3
9310,1
9311,0
9312,0
9313,6
9314,1
9315,9
9316,9
9317,9
9318,4
9319,2
9320,5
9321,5
9322,8
9323,8
9324,9
9325,3
9326,0
9327,9
9328,7
9329,9
9330,5
9331,5
9332,9
9333,3
9334,4
9335,5
9336,3
9337,3
9338,5
9339,5
9340,0
9341,7
9342,2
9343,3
9344,5
9345,4
9346,5
9347,3
9348,4
9349,1
9350,9
9351,5
9352,9
9353,8
9354,9
9355,5
9356,5
9357,1
9358,5
9359,8
9360,5
9361,5
9362,5
9363,5
9364,3
9365,5
9366,3
9367,5
9368,8
9369,3
9370,1
9371,1
9372,4
9373,5
9374,5
9375,9
9376,8
9377,9
9378,9
9379,3
9380,3
9381,3
9382,4
9383,9
9384,5
9385,9
9386,5
9387,5
9388,9
9389,5
9390,2
9391,5
9392,5
9393,9
9394,9
9395,5
9396,7
9397,9
9398,5
9399,3
9400,9
9401,5
9402,3
9403,3
9404,5
9405,4
9406,8
9407,4
9408,6
9409,9
9410,3
9411,5
9412,4
9413,4
9414,9
9415,8
9416,3
9417,5
9418,2
9419,5
9420,9
9421,5
9422,6
9423,5
9424,5
9425,5
9426,8
9427,5
9428,3
9429,5
9430,3
9431,3
9432,9
9433,9
9434,5
9435,5
9436,5
9437,8
9438,5
9439,3
9440,8
9441,9
9442,5
9443,5
9444,6
9445,6
9446,3
9447,4
9448,5
9449,5
9450,5
9451,5
9452,9
9453,5
9454,4
9455,5
9456,8
9457,7
9458,8
9459,9
9460,8
9461,3
9462,5
9463,5
9464,5
9465,5
9466,6
9467,5
9468,9
9469,3
9470,7
9471,2
9472,4
9473,5
9474,4
9475,3
9476,4
9477,2
9478,4
9479,3
9480,3
9481,2
9482,5
9483,3
9484,5
9485,4
9486,1
9487,9
9488,2
9489,9
9490,5
9491,3
9492,5
9493,9
9494,9
9495,4
9496,5
9497,5
9498,5
9499,8
9500,5
9501,2
9502,5
9503,5
9504,9
9505,2
9506,7
9507,5
9508,5
9509,5
9510,1
9511,2
9512,3
9513,4
9514,5
9515,5
9516,7
9517,8
9518,5
9519,1
9520,5
9521,5
9522,3
9523,5
9524,9
9525,3
9526,5
9527,4
9528,8
9529,9
9530,5
9531,7
9532,5
9533,5
9534,5
9535,9
9536,5
9537,3
9538,5
9539,5
9540,7
9541,1
9542,5
9543,9
9544,7
9545,5
9546,5
9547,5
9548,5
9549,3
9550,1
9551,5
9552,5
9553,9
9554,5
9555,7
9556,5
9557,1
9558,3
9559,3
9560,3
9561,1
9562,3
9563,7
9564,5
9565,3
9566,4
9567,7
9568,7
9569,5
9570,3
9571,1
9572,5
9573,5
9574,7
9575,3
9576,3
9577,5
9578,5
9579,2
9580,3
9581,5
9582,3
9583,3
9584,5
9585,5
9586,9
9587,7
9588,5
9589,5
9590,5
9591,5
9592,1
9593,5
9594,1
9595,1
9596,5
9597,5
9598,2
9599,5
9600,1
9601,5
9602,0
9603,1
9604,5
9605,3
9606,5
9607,5
9608,9
9609,7
9610,5
9611,5
9612,0
9613,1
9614,2
9615,3
9616,5
9617,5
9618,6
9619,7
9620,5
9621,5
9622,8
9623,1
9624,2
9625,3
9626,4
9627,5
9628,5
9629,1
9630,5
9631,9
9632,0
9633,6
9634,0
9635,9
9636,2
9637,3
9638,7
9639,9
9640,5
9641,1
9642,1
9643,9
9644,1
9645,7
9646,1
9647,5
9648,0
9649,0
9650,2
9651,7
9652,5
9653,7
9654,1
9655,3
9656,1
9657,5
9658,1
9659,6
9660,5
9661,7
9662,1
9663,3
9664,0
9665,1
9666,6
9667,5
9668,8
9669,9
9670,7
9671,3
9672,3
9673,5
9674,3
9675,1
9676,5
9677,5
9678,5
9679,6
9680,6
9681,3
9682,5
9683,1
9684,5
9685,9
9686,3
9687,2
9688,0
9689,0
9690,1
9691,7
9692,5
9693,7
9694,5
9695,5
9696,5
9697,5
9698,3
9699,6
9700,1
9701,9
9702,9
9703,5
9704,5
9705,9
9706,1
9707,2
9708,3
9709,5
9710,5
9711,8
9712,7
9713,3
9714,5
9715,0
9716,1
9717,3
9718,3
9719,5
9720,9
9721,5
9722,7
9723,3
9724,5
9725,5
9726,1
9727,6
9728,3
9729,5
9730,5
9731,5
9732,7
9733,5
9734,5
9735,7
9736,1
9737,5
9738,1
9739,5
9740,5
9741,5
9742,5
9743,3
9744,5
9745,1
9746,8
9747,7
9748,3
9749,1
9750,5
9751,3
9752,0
9753,0
9754,5
9755,5
9756,5
9757,5
9758,5
9759,3
9760,8
9761,1
9762,0
9763,3
9764,6
9765,1
9766,7
9767,5
9768,7
9769,0
9770,5
9771,5
9772,7
9773,1
9774,7
9775,1
9776,5
9777,5
9778,5
9779,8
9780,0
9781,9
9782,7
9783,5
9784,5
9785,7
9786,5
9787,5
9788,3
9789,7
9790,5
9791,3
9792,5
9793,1
9794,9
9795,8
9796,9
9797,1
9798,3
9799,0
9800,1
9801,5
9802,0
9803,1
9804,3
9805,3
9806,5
9807,7
9808,5
9809,5
9810,0
9811,1
9812,8
9813,3
9814,5
9815,8
9816,5
9817,7
9818,1
9819,0
9820,1
9821,8
9822,3
9823,5
9824,7
9825,9
9826,9
9827,0
9828,5
9829,3
9830,5
9831,8
9832,8
9833,5
9834,1
9835,5
9836,5
9837,1
9838,7
9839,1
9840,5
9841,6
9842,1
9843,1
9844,5
9845,1
9846,1
9847,1
9848,3
9849,1
9850,8
9851,5
9852,7
9853,9
9854,9
9855,1
9856,8
9857,5
9858,1
9859,1
9860,5
9861,3
9862,5
9863,1
9864,3
9865,9
9866,0
9867,4
9868,8
9869,7
9870,5
9871,8
9872,5
9873,3
9874,5
9875,8
9876,5
9877,1
9878,1
9879,1
9880,1
9881,8
9882,3
9883,3
9884,6
9885,5
9886,0
9887,1
9888,1
9889,5
9890,3
9891,5
9892,5
9893,1
9894,8
9895,7
9896,7
9897,1
9898,0
9899,1
9900,7
9901,3
9902,5
9903,5
9904,5
9905,9
9906,9
9907,2
9908,5
9909,6
9910,7
9911,5
9912,0
9913,5
9914,5
9915,9
9916,5
9917,9
9918,5
9919,5
9920,7
9921,5
9922,5
9923,5
9924,1
9925,5
9926,9
9927,5
9928,5
9929,5
9930,5
9931,0
9932,1
9933,9
9934,2
9935,3
9936,7
9937,5
9938,5
9939,6
9940,0
9941,5
9942,2
9943,9
9944,5
9945,5
9946,5
9947,1
9948,9
9949,5
9950,6
9951,1
9952,9
9953,0
9954,5
9955,3
9956,5
9957,1
9958,7
9959,7
9960,5
9961,5
9962,6
9963,9
9964,7
9965,0
9966,3
9967,6
9968,3
9969,7
9970,1
9971,3
9972,9
9973,5
9974,5
9975,5
9976,5
9977,6
9978,5
9979,1
9980,7
9981,3
9982,6
9983,1
9984,8
9985,5
9986,3
9987,5
9988,5
9989,5
9990,6
9991,1
9992,9
9993,5
9994,9
9995,1
9996,5
9997,3
9998,5
9999,5
10000,5
